{"GetMatchingProductResult":[{"@attributes":{"ASIN":"B07H6J6JMY","status":"Success"},"Product":{"Identifiers":{"MarketplaceASIN":{"MarketplaceId":"A1PA6795UKMFR9","ASIN":"B07H6J6JMY"}},"AttributeSets":{"ns_ItemAttributes":{"@attributes":{"xmln_ns2":"http:\/\/mws.amazonservices.com\/schema\/Products\/2011-10-01\/default.xsd","xm_lang":"de-DE"},"ns_Brand":"Shopffiy","ns_ItemDimensions":{"ns_Weight":"0.0022046226200"},"ns_Label":"shopffiyy","ns_Manufacturer":"shopffiyy","ns_MaterialType":"metal","ns_NumberOfItems":"1","ns_PackageQuantity":"1","ns_PartNumber":"shopffiy","ns_ProductGroup":"Furniture","ns_ProductTypeName":"HOME_FURNITURE_AND_DECOR","ns_Publisher":"shopffiyy","ns_SmallImage":{"ns_URL":"http:\/\/ecx.images-amazon.com\/images\/I\/31gz1Kdt3yL._SL75_.jpg","ns_Height":"75","ns_Width":"75"},"ns_Studio":"shopffiyy","ns_Title":"Shopffiy Aschenbecher mit Deckel kreativ Winddicht Edelstahl Wohnzimmer Metall Aschenbecher"}},"Relationships":{},"SalesRankings":{}}},{"@attributes":{"ASIN":"B07JJK4VH8","status":"Success"},"Product":{"Identifiers":{"MarketplaceASIN":{"MarketplaceId":"A1PA6795UKMFR9","ASIN":"B07JJK4VH8"}},"AttributeSets":{"ns_ItemAttributes":{"@attributes":{"xmln_ns2":"http:\/\/mws.amazonservices.com\/schema\/Products\/2011-10-01\/default.xsd","xm_lang":"de-DE"},"ns_Brand":"Shopffiy","ns_Color":"Black","ns_ItemDimensions":{"ns_Weight":"0.0022046226200"},"ns_Label":"shopffiy","ns_Manufacturer":"shopffiy","ns_MaterialType":"polyamide","ns_NumberOfItems":"1","ns_PackageQuantity":"1","ns_PartNumber":"shopffiy","ns_ProductGroup":"Furniture","ns_ProductTypeName":"HOME_FURNITURE_AND_DECOR","ns_Publisher":"shopffiy","ns_SmallImage":{"ns_URL":"http:\/\/ecx.images-amazon.com\/images\/I\/41tUr1%2BtaML._SL75_.jpg","ns_Height":"75","ns_Width":"75"},"ns_Studio":"shopffiy","ns_Title":"Shopffiy Kreative Aschenbecher Pers\u00f6nlichkeit Mode-Trend-High-End-tragbaren Haushalt Widerstand gegen rauchfreie \u00fcberdachte Wohnzimmer Aschenbecher (Color_ Black)"}},"Relationships":{"VariationParent":{"Identifiers":{"MarketplaceASIN":{"MarketplaceId":"A1PA6795UKMFR9","ASIN":"B07LF5QM21"}}}},"SalesRankings":{}}},{"@attributes":{"ASIN":"B07MMHGMCL","status":"Success"},"Product":{"Identifiers":{"MarketplaceASIN":{"MarketplaceId":"A1PA6795UKMFR9","ASIN":"B07MMHGMCL"}},"AttributeSets":{"ns_ItemAttributes":{"@attributes":{"xmln_ns2":"http:\/\/mws.amazonservices.com\/schema\/Products\/2011-10-01\/default.xsd","xm_lang":"de-DE"},"ns_Binding":"Misc.","ns_ItemDimensions":{"ns_Weight":"0.0022046226200"},"ns_Label":"None","ns_Manufacturer":"None","ns_MaterialType":"ABS","ns_NumberOfItems":"1","ns_PackageQuantity":"1","ns_ProductGroup":"Home Improvement","ns_ProductTypeName":"SPORTING_GOODS","ns_Publisher":"None","ns_SmallImage":{"ns_URL":"http:\/\/ecx.images-amazon.com\/images\/I\/412PyzyGgYL._SL75_.jpg","ns_Height":"75","ns_Width":"75"},"ns_Studio":"None","ns_Title":"Schallschutz-Ohrensch\u00fctzer zum Schlafen lernen mit Anti-Rausch-Kopfh\u00f6rern sch\u00fctzen vor Rauschunterdr\u00fcckung"}},"Relationships":{},"SalesRankings":{}}},{"@attributes":{"ASIN":"B07MJXQ9YR","status":"Success"},"Product":{"Identifiers":{"MarketplaceASIN":{"MarketplaceId":"A1PA6795UKMFR9","ASIN":"B07MJXQ9YR"}},"AttributeSets":{"ns_ItemAttributes":{"@attributes":{"xmln_ns2":"http:\/\/mws.amazonservices.com\/schema\/Products\/2011-10-01\/default.xsd","xm_lang":"de-DE"},"ns_Binding":"Misc.","ns_Color":"Yellow","ns_ItemDimensions":{"ns_Weight":"0.0022046226200"},"ns_Label":"None","ns_Manufacturer":"None","ns_MaterialType":"ABS","ns_NumberOfItems":"1","ns_PackageQuantity":"1","ns_ProductGroup":"Home Improvement","ns_ProductTypeName":"SPORTING_GOODS","ns_Publisher":"None","ns_SmallImage":{"ns_URL":"http:\/\/ecx.images-amazon.com\/images\/I\/41wRp626ibL._SL75_.jpg","ns_Height":"75","ns_Width":"75"},"ns_Studio":"None","ns_Title":"Schallschutz-Ohrensch\u00fctzer Kopfh\u00f6rer zur Ger\u00e4uschreduzierung im Schlaf Ger\u00e4uschdichte Ohrensch\u00fctzer aus der Fabrik (Color_ Yellow)"}},"Relationships":{"VariationParent":{"Identifiers":{"MarketplaceASIN":{"MarketplaceId":"A1PA6795UKMFR9","ASIN":"B07MGBR1JK"}}}},"SalesRankings":{}}},{"@attributes":{"ASIN":"B07HK3NMHH","status":"Success"},"Product":{"Identifiers":{"MarketplaceASIN":{"MarketplaceId":"A1PA6795UKMFR9","ASIN":"B07HK3NMHH"}},"AttributeSets":{"ns_ItemAttributes":{"@attributes":{"xmln_ns2":"http:\/\/mws.amazonservices.com\/schema\/Products\/2011-10-01\/default.xsd","xm_lang":"de-DE"},"ns_Brand":"Shopffiy","ns_ItemDimensions":{"ns_Weight":"0.0022046226200"},"ns_Label":"shopffiy","ns_Manufacturer":"shopffiy","ns_MaterialType":"epoxy","ns_NumberOfItems":"1","ns_PackageQuantity":"1","ns_PartNumber":"shopffiy","ns_ProductGroup":"Furniture","ns_ProductTypeName":"HOME_FURNITURE_AND_DECOR","ns_Publisher":"shopffiy","ns_SmallImage":{"ns_URL":"http:\/\/ecx.images-amazon.com\/images\/I\/4159a8CvOkL._SL75_.jpg","ns_Height":"75","ns_Width":"75"},"ns_Studio":"shopffiy","ns_Title":"Shopffiy Kreatives nettes Krokodilaschenbecher-Art und Weiseharzhaus KTV Caf\u00e9-Kaffeeglasaschenbechergeschenk"}},"Relationships":{},"SalesRankings":{}}},{"@attributes":{"ASIN":"B07F2MR7SG","status":"Success"},"Product":{"Identifiers":{"MarketplaceASIN":{"MarketplaceId":"A1PA6795UKMFR9","ASIN":"B07F2MR7SG"}},"AttributeSets":{"ns_ItemAttributes":{"@attributes":{"xmln_ns2":"http:\/\/mws.amazonservices.com\/schema\/Products\/2011-10-01\/default.xsd","xm_lang":"de-DE"},"ns_Binding":"Misc.","ns_Brand":"Multifunktions-Fahrradverl\u00e4ngerung aus Aluminiumlegierung","ns_Color":"A1-rot-10cm","ns_IsAdultProduct":"false","ns_IsMemorabilia":"false","ns_Label":"shopffiy","ns_Manufacturer":"shopffiy","ns_ProductGroup":"Sports","ns_ProductTypeName":"SPORTING_GOODS","ns_Publisher":"shopffiy","ns_SmallImage":{"ns_URL":"http:\/\/ecx.images-amazon.com\/images\/I\/41KkEskaUWL._SL75_.jpg","ns_Height":"75","ns_Width":"75"},"ns_Studio":"shopffiy","ns_Title":"Multifunktions-Fahrradverl\u00e4ngerung aus Aluminiumlegierung shopffiy (A1-rot-10cm)"}},"Relationships":{"VariationParent":{"Identifiers":{"MarketplaceASIN":{"MarketplaceId":"A1PA6795UKMFR9","ASIN":"B07F31FDJ9"}}}},"SalesRankings":{}}},{"@attributes":{"ASIN":"B07MCPRJYM","status":"Success"},"Product":{"Identifiers":{"MarketplaceASIN":{"MarketplaceId":"A1PA6795UKMFR9","ASIN":"B07MCPRJYM"}},"AttributeSets":{"ns_ItemAttributes":{"@attributes":{"xmln_ns2":"http:\/\/mws.amazonservices.com\/schema\/Products\/2011-10-01\/default.xsd","xm_lang":"de-DE"},"ns_Binding":"Misc.","ns_Color":"Natural","ns_ItemDimensions":{"ns_Weight":"0.0022046226200"},"ns_Label":"None","ns_Manufacturer":"None","ns_NumberOfItems":"1","ns_PackageQuantity":"1","ns_ProductGroup":"Home Improvement","ns_ProductTypeName":"SPORTING_GOODS","ns_Publisher":"None","ns_SmallImage":{"ns_URL":"http:\/\/ecx.images-amazon.com\/images\/I\/41WdJ-YgsPL._SL75_.jpg","ns_Height":"75","ns_Width":"75"},"ns_Studio":"None","ns_Title":"Ohrenst\u00f6psel Baby Anti-L\u00e4rm-Schallschutz Ohrensch\u00fctzer lernen Schlaf Schlaf Ger\u00e4uschminderung Kopfh\u00f6rer Kinder Baby Ohrensch\u00fctzer (Color_ Natural)"}},"Relationships":{"VariationParent":{"Identifiers":{"MarketplaceASIN":{"MarketplaceId":"A1PA6795UKMFR9","ASIN":"B07MJW3WHS"}}}},"SalesRankings":{}}},{"@attributes":{"ASIN":"B07MV716J6","status":"Success"},"Product":{"Identifiers":{"MarketplaceASIN":{"MarketplaceId":"A1PA6795UKMFR9","ASIN":"B07MV716J6"}},"AttributeSets":{"ns_ItemAttributes":{"@attributes":{"xmln_ns2":"http:\/\/mws.amazonservices.com\/schema\/Products\/2011-10-01\/default.xsd","xm_lang":"de-DE"},"ns_Brand":"Stopffiy","ns_Color":"Yellow","ns_ItemDimensions":{"ns_Weight":"0.0022046226200"},"ns_Label":"stopffiy","ns_Manufacturer":"stopffiy","ns_NumberOfItems":"1","ns_PackageQuantity":"1","ns_PartNumber":"stopffiy","ns_ProductGroup":"Beleuchtung","ns_ProductTypeName":"HOME_LIGHTING_AND_LAMPS","ns_Publisher":"stopffiy","ns_SmallImage":{"ns_URL":"http:\/\/ecx.images-amazon.com\/images\/I\/2152ptAyp-L._SL75_.jpg","ns_Height":"75","ns_Width":"75"},"ns_Studio":"stopffiy","ns_Title":"USB-Silikonschlauch Nachtlicht tragbare B\u00fcro Auge LED Leselampe Schreibtischlampe (Color_ Yellow)"}},"Relationships":{"VariationParent":{"Identifiers":{"MarketplaceASIN":{"MarketplaceId":"A1PA6795UKMFR9","ASIN":"B07MV7ZSKP"}}}},"SalesRankings":{}}},{"@attributes":{"ASIN":"B07HJYMQDC","status":"Success"},"Product":{"Identifiers":{"MarketplaceASIN":{"MarketplaceId":"A1PA6795UKMFR9","ASIN":"B07HJYMQDC"}},"AttributeSets":{"ns_ItemAttributes":{"@attributes":{"xmln_ns2":"http:\/\/mws.amazonservices.com\/schema\/Products\/2011-10-01\/default.xsd","xm_lang":"de-DE"},"ns_Brand":"Shopffiy","ns_ItemDimensions":{"ns_Weight":"1.7636980960000"},"ns_Label":"shopffiy","ns_Manufacturer":"shopffiy","ns_MaterialType":"epoxy","ns_NumberOfItems":"1","ns_PackageQuantity":"1","ns_PartNumber":"shopffiy","ns_ProductGroup":"Furniture","ns_ProductTypeName":"HOME_FURNITURE_AND_DECOR","ns_Publisher":"shopffiy","ns_SmallImage":{"ns_URL":"http:\/\/ecx.images-amazon.com\/images\/I\/51fW1AeloBL._SL75_.jpg","ns_Height":"75","ns_Width":"75"},"ns_Studio":"shopffiy","ns_Title":"Shopffiy Tagore Drachen-f\u00f6rmigen Aschenbecher kreative Pers\u00f6nlichkeit Trend-Mode Jungen Geburtstag Geschenke"}},"Relationships":{},"SalesRankings":{"SalesRank":[{"ProductCategoryId":"kitchen_display_on_website","Rank":"2658770"},{"ProductCategoryId":"332330011","Rank":"14540"}]}}},{"@attributes":{"ASIN":"B07MTGFF5D","status":"Success"},"Product":{"Identifiers":{"MarketplaceASIN":{"MarketplaceId":"A1PA6795UKMFR9","ASIN":"B07MTGFF5D"}},"AttributeSets":{"ns_ItemAttributes":{"@attributes":{"xmln_ns2":"http:\/\/mws.amazonservices.com\/schema\/Products\/2011-10-01\/default.xsd","xm_lang":"de-DE"},"ns_Brand":"Stopffiy","ns_Color":"Black-white Light","ns_ItemDimensions":{"ns_Weight":"0.0022046226200"},"ns_Label":"stopffiy","ns_Manufacturer":"stopffiy","ns_NumberOfItems":"1","ns_PackageQuantity":"1","ns_PartNumber":"stopffiy","ns_ProductGroup":"Beleuchtung","ns_ProductTypeName":"HOME_LIGHTING_AND_LAMPS","ns_Publisher":"stopffiy","ns_SmallImage":{"ns_URL":"http:\/\/ecx.images-amazon.com\/images\/I\/41Y-7SVeIWL._SL75_.jpg","ns_Height":"75","ns_Width":"75"},"ns_Studio":"stopffiy","ns_Title":"USB-Nachtlicht LED-Augenschutz Tischlampe Nachttischlampe mit Clip-Clip Typ Clip Tischlampe (Color_ Black-White light)"}},"Relationships":{"VariationParent":{"Identifiers":{"MarketplaceASIN":{"MarketplaceId":"A1PA6795UKMFR9","ASIN":"B07MTD8G2M"}}}},"SalesRankings":{}}}],"ResponseMetadata":{"RequestId":"6fd28d18-24f1-46ba-9dac-eb60e65c43b5"}}