<GetMatchingProductResponse xmlns="http://mws.amazonservices.com/schema/Products/2011-10-01"><GetMatchingProductResult ASIN='B07H6J6JMY' status='Success'><Product><Identifiers><MarketplaceASIN><MarketplaceId>A1PA6795UKMFR9</MarketplaceId><ASIN>B07H6J6JMY</ASIN></MarketplaceASIN></Identifiers><AttributeSets><ns2:ItemAttributes xmlns:ns2="http://mws.amazonservices.com/schema/Products/2011-10-01/default.xsd" xml:lang="de-DE"><ns2:Brand>Shopffiy</ns2:Brand><ns2:ItemDimensions><ns2:Weight Units="pounds">0.0022046226200</ns2:Weight></ns2:ItemDimensions><ns2:Label>shopffiyy</ns2:Label><ns2:Manufacturer>shopffiyy</ns2:Manufacturer><ns2:MaterialType>metal</ns2:MaterialType><ns2:NumberOfItems>1</ns2:NumberOfItems><ns2:PackageQuantity>1</ns2:PackageQuantity><ns2:PartNumber>shopffiy</ns2:PartNumber><ns2:ProductGroup>Furniture</ns2:ProductGroup><ns2:ProductTypeName>HOME_FURNITURE_AND_DECOR</ns2:ProductTypeName><ns2:Publisher>shopffiyy</ns2:Publisher><ns2:SmallImage><ns2:URL>http://ecx.images-amazon.com/images/I/31gz1Kdt3yL._SL75_.jpg</ns2:URL><ns2:Height Units="pixels">75</ns2:Height><ns2:Width Units="pixels">75</ns2:Width></ns2:SmallImage><ns2:Studio>shopffiyy</ns2:Studio><ns2:Title>Shopffiy Aschenbecher mit Deckel kreativ Winddicht Edelstahl Wohnzimmer Metall Aschenbecher</ns2:Title></ns2:ItemAttributes></AttributeSets><Relationships></Relationships><SalesRankings></SalesRankings></Product></GetMatchingProductResult><GetMatchingProductResult ASIN='B07JJK4VH8' status='Success'><Product><Identifiers><MarketplaceASIN><MarketplaceId>A1PA6795UKMFR9</MarketplaceId><ASIN>B07JJK4VH8</ASIN></MarketplaceASIN></Identifiers><AttributeSets><ns2:ItemAttributes xmlns:ns2="http://mws.amazonservices.com/schema/Products/2011-10-01/default.xsd" xml:lang="de-DE"><ns2:Brand>Shopffiy</ns2:Brand><ns2:Color>Black</ns2:Color><ns2:ItemDimensions><ns2:Weight Units="pounds">0.0022046226200</ns2:Weight></ns2:ItemDimensions><ns2:Label>shopffiy</ns2:Label><ns2:Manufacturer>shopffiy</ns2:Manufacturer><ns2:MaterialType>polyamide</ns2:MaterialType><ns2:NumberOfItems>1</ns2:NumberOfItems><ns2:PackageQuantity>1</ns2:PackageQuantity><ns2:PartNumber>shopffiy</ns2:PartNumber><ns2:ProductGroup>Furniture</ns2:ProductGroup><ns2:ProductTypeName>HOME_FURNITURE_AND_DECOR</ns2:ProductTypeName><ns2:Publisher>shopffiy</ns2:Publisher><ns2:SmallImage><ns2:URL>http://ecx.images-amazon.com/images/I/41tUr1%2BtaML._SL75_.jpg</ns2:URL><ns2:Height Units="pixels">75</ns2:Height><ns2:Width Units="pixels">75</ns2:Width></ns2:SmallImage><ns2:Studio>shopffiy</ns2:Studio><ns2:Title>Shopffiy Kreative Aschenbecher Pers&#xF6;nlichkeit Mode-Trend-High-End-tragbaren Haushalt Widerstand gegen rauchfreie &#xFC;berdachte Wohnzimmer Aschenbecher (Color : Black)</ns2:Title></ns2:ItemAttributes></AttributeSets><Relationships><VariationParent xmlns="http://mws.amazonservices.com/schema/Products/2011-10-01"><Identifiers><MarketplaceASIN><MarketplaceId>A1PA6795UKMFR9</MarketplaceId><ASIN>B07LF5QM21</ASIN></MarketplaceASIN></Identifiers></VariationParent></Relationships><SalesRankings></SalesRankings></Product></GetMatchingProductResult><GetMatchingProductResult ASIN='B07MMHGMCL' status='Success'><Product><Identifiers><MarketplaceASIN><MarketplaceId>A1PA6795UKMFR9</MarketplaceId><ASIN>B07MMHGMCL</ASIN></MarketplaceASIN></Identifiers><AttributeSets><ns2:ItemAttributes xmlns:ns2="http://mws.amazonservices.com/schema/Products/2011-10-01/default.xsd" xml:lang="de-DE"><ns2:Binding>Misc.</ns2:Binding><ns2:ItemDimensions><ns2:Weight Units="pounds">0.0022046226200</ns2:Weight></ns2:ItemDimensions><ns2:Label>None</ns2:Label><ns2:Manufacturer>None</ns2:Manufacturer><ns2:MaterialType>ABS</ns2:MaterialType><ns2:NumberOfItems>1</ns2:NumberOfItems><ns2:PackageQuantity>1</ns2:PackageQuantity><ns2:ProductGroup>Home Improvement</ns2:ProductGroup><ns2:ProductTypeName>SPORTING_GOODS</ns2:ProductTypeName><ns2:Publisher>None</ns2:Publisher><ns2:SmallImage><ns2:URL>http://ecx.images-amazon.com/images/I/412PyzyGgYL._SL75_.jpg</ns2:URL><ns2:Height Units="pixels">75</ns2:Height><ns2:Width Units="pixels">75</ns2:Width></ns2:SmallImage><ns2:Studio>None</ns2:Studio><ns2:Title>Schallschutz-Ohrensch&#xFC;tzer zum Schlafen lernen mit Anti-Rausch-Kopfh&#xF6;rern sch&#xFC;tzen vor Rauschunterdr&#xFC;ckung</ns2:Title></ns2:ItemAttributes></AttributeSets><Relationships></Relationships><SalesRankings></SalesRankings></Product></GetMatchingProductResult><GetMatchingProductResult ASIN='B07MJXQ9YR' status='Success'><Product><Identifiers><MarketplaceASIN><MarketplaceId>A1PA6795UKMFR9</MarketplaceId><ASIN>B07MJXQ9YR</ASIN></MarketplaceASIN></Identifiers><AttributeSets><ns2:ItemAttributes xmlns:ns2="http://mws.amazonservices.com/schema/Products/2011-10-01/default.xsd" xml:lang="de-DE"><ns2:Binding>Misc.</ns2:Binding><ns2:Color>Yellow</ns2:Color><ns2:ItemDimensions><ns2:Weight Units="pounds">0.0022046226200</ns2:Weight></ns2:ItemDimensions><ns2:Label>None</ns2:Label><ns2:Manufacturer>None</ns2:Manufacturer><ns2:MaterialType>ABS</ns2:MaterialType><ns2:NumberOfItems>1</ns2:NumberOfItems><ns2:PackageQuantity>1</ns2:PackageQuantity><ns2:ProductGroup>Home Improvement</ns2:ProductGroup><ns2:ProductTypeName>SPORTING_GOODS</ns2:ProductTypeName><ns2:Publisher>None</ns2:Publisher><ns2:SmallImage><ns2:URL>http://ecx.images-amazon.com/images/I/41wRp626ibL._SL75_.jpg</ns2:URL><ns2:Height Units="pixels">75</ns2:Height><ns2:Width Units="pixels">75</ns2:Width></ns2:SmallImage><ns2:Studio>None</ns2:Studio><ns2:Title>Schallschutz-Ohrensch&#xFC;tzer Kopfh&#xF6;rer zur Ger&#xE4;uschreduzierung im Schlaf Ger&#xE4;uschdichte Ohrensch&#xFC;tzer aus der Fabrik (Color : Yellow)</ns2:Title></ns2:ItemAttributes></AttributeSets><Relationships><VariationParent xmlns="http://mws.amazonservices.com/schema/Products/2011-10-01"><Identifiers><MarketplaceASIN><MarketplaceId>A1PA6795UKMFR9</MarketplaceId><ASIN>B07MGBR1JK</ASIN></MarketplaceASIN></Identifiers></VariationParent></Relationships><SalesRankings></SalesRankings></Product></GetMatchingProductResult><GetMatchingProductResult ASIN='B07HK3NMHH' status='Success'><Product><Identifiers><MarketplaceASIN><MarketplaceId>A1PA6795UKMFR9</MarketplaceId><ASIN>B07HK3NMHH</ASIN></MarketplaceASIN></Identifiers><AttributeSets><ns2:ItemAttributes xmlns:ns2="http://mws.amazonservices.com/schema/Products/2011-10-01/default.xsd" xml:lang="de-DE"><ns2:Brand>Shopffiy</ns2:Brand><ns2:ItemDimensions><ns2:Weight Units="pounds">0.0022046226200</ns2:Weight></ns2:ItemDimensions><ns2:Label>shopffiy</ns2:Label><ns2:Manufacturer>shopffiy</ns2:Manufacturer><ns2:MaterialType>epoxy</ns2:MaterialType><ns2:NumberOfItems>1</ns2:NumberOfItems><ns2:PackageQuantity>1</ns2:PackageQuantity><ns2:PartNumber>shopffiy</ns2:PartNumber><ns2:ProductGroup>Furniture</ns2:ProductGroup><ns2:ProductTypeName>HOME_FURNITURE_AND_DECOR</ns2:ProductTypeName><ns2:Publisher>shopffiy</ns2:Publisher><ns2:SmallImage><ns2:URL>http://ecx.images-amazon.com/images/I/4159a8CvOkL._SL75_.jpg</ns2:URL><ns2:Height Units="pixels">75</ns2:Height><ns2:Width Units="pixels">75</ns2:Width></ns2:SmallImage><ns2:Studio>shopffiy</ns2:Studio><ns2:Title>Shopffiy Kreatives nettes Krokodilaschenbecher-Art und Weiseharzhaus KTV Caf&#xE9;-Kaffeeglasaschenbechergeschenk</ns2:Title></ns2:ItemAttributes></AttributeSets><Relationships></Relationships><SalesRankings></SalesRankings></Product></GetMatchingProductResult><GetMatchingProductResult ASIN='B07F2MR7SG' status='Success'><Product><Identifiers><MarketplaceASIN><MarketplaceId>A1PA6795UKMFR9</MarketplaceId><ASIN>B07F2MR7SG</ASIN></MarketplaceASIN></Identifiers><AttributeSets><ns2:ItemAttributes xmlns:ns2="http://mws.amazonservices.com/schema/Products/2011-10-01/default.xsd" xml:lang="de-DE"><ns2:Binding>Misc.</ns2:Binding><ns2:Brand>Multifunktions-Fahrradverl&#xE4;ngerung aus Aluminiumlegierung</ns2:Brand><ns2:Color>A1-rot-10cm</ns2:Color><ns2:IsAdultProduct>false</ns2:IsAdultProduct><ns2:IsMemorabilia>false</ns2:IsMemorabilia><ns2:Label>shopffiy</ns2:Label><ns2:Manufacturer>shopffiy</ns2:Manufacturer><ns2:ProductGroup>Sports</ns2:ProductGroup><ns2:ProductTypeName>SPORTING_GOODS</ns2:ProductTypeName><ns2:Publisher>shopffiy</ns2:Publisher><ns2:SmallImage><ns2:URL>http://ecx.images-amazon.com/images/I/41KkEskaUWL._SL75_.jpg</ns2:URL><ns2:Height Units="pixels">75</ns2:Height><ns2:Width Units="pixels">75</ns2:Width></ns2:SmallImage><ns2:Studio>shopffiy</ns2:Studio><ns2:Title>Multifunktions-Fahrradverl&#xE4;ngerung aus Aluminiumlegierung shopffiy (A1-rot-10cm)</ns2:Title></ns2:ItemAttributes></AttributeSets><Relationships><VariationParent xmlns="http://mws.amazonservices.com/schema/Products/2011-10-01"><Identifiers><MarketplaceASIN><MarketplaceId>A1PA6795UKMFR9</MarketplaceId><ASIN>B07F31FDJ9</ASIN></MarketplaceASIN></Identifiers></VariationParent></Relationships><SalesRankings></SalesRankings></Product></GetMatchingProductResult><GetMatchingProductResult ASIN='B07MCPRJYM' status='Success'><Product><Identifiers><MarketplaceASIN><MarketplaceId>A1PA6795UKMFR9</MarketplaceId><ASIN>B07MCPRJYM</ASIN></MarketplaceASIN></Identifiers><AttributeSets><ns2:ItemAttributes xmlns:ns2="http://mws.amazonservices.com/schema/Products/2011-10-01/default.xsd" xml:lang="de-DE"><ns2:Binding>Misc.</ns2:Binding><ns2:Color>Natural</ns2:Color><ns2:ItemDimensions><ns2:Weight Units="pounds">0.0022046226200</ns2:Weight></ns2:ItemDimensions><ns2:Label>None</ns2:Label><ns2:Manufacturer>None</ns2:Manufacturer><ns2:NumberOfItems>1</ns2:NumberOfItems><ns2:PackageQuantity>1</ns2:PackageQuantity><ns2:ProductGroup>Home Improvement</ns2:ProductGroup><ns2:ProductTypeName>SPORTING_GOODS</ns2:ProductTypeName><ns2:Publisher>None</ns2:Publisher><ns2:SmallImage><ns2:URL>http://ecx.images-amazon.com/images/I/41WdJ-YgsPL._SL75_.jpg</ns2:URL><ns2:Height Units="pixels">75</ns2:Height><ns2:Width Units="pixels">75</ns2:Width></ns2:SmallImage><ns2:Studio>None</ns2:Studio><ns2:Title>Ohrenst&#xF6;psel Baby Anti-L&#xE4;rm-Schallschutz Ohrensch&#xFC;tzer lernen Schlaf Schlaf Ger&#xE4;uschminderung Kopfh&#xF6;rer Kinder Baby Ohrensch&#xFC;tzer (Color : Natural)</ns2:Title></ns2:ItemAttributes></AttributeSets><Relationships><VariationParent xmlns="http://mws.amazonservices.com/schema/Products/2011-10-01"><Identifiers><MarketplaceASIN><MarketplaceId>A1PA6795UKMFR9</MarketplaceId><ASIN>B07MJW3WHS</ASIN></MarketplaceASIN></Identifiers></VariationParent></Relationships><SalesRankings></SalesRankings></Product></GetMatchingProductResult><GetMatchingProductResult ASIN='B07MV716J6' status='Success'><Product><Identifiers><MarketplaceASIN><MarketplaceId>A1PA6795UKMFR9</MarketplaceId><ASIN>B07MV716J6</ASIN></MarketplaceASIN></Identifiers><AttributeSets><ns2:ItemAttributes xmlns:ns2="http://mws.amazonservices.com/schema/Products/2011-10-01/default.xsd" xml:lang="de-DE"><ns2:Brand>Stopffiy</ns2:Brand><ns2:Color>Yellow</ns2:Color><ns2:ItemDimensions><ns2:Weight Units="pounds">0.0022046226200</ns2:Weight></ns2:ItemDimensions><ns2:Label>stopffiy</ns2:Label><ns2:Manufacturer>stopffiy</ns2:Manufacturer><ns2:NumberOfItems>1</ns2:NumberOfItems><ns2:PackageQuantity>1</ns2:PackageQuantity><ns2:PartNumber>stopffiy</ns2:PartNumber><ns2:ProductGroup>Beleuchtung</ns2:ProductGroup><ns2:ProductTypeName>HOME_LIGHTING_AND_LAMPS</ns2:ProductTypeName><ns2:Publisher>stopffiy</ns2:Publisher><ns2:SmallImage><ns2:URL>http://ecx.images-amazon.com/images/I/2152ptAyp-L._SL75_.jpg</ns2:URL><ns2:Height Units="pixels">75</ns2:Height><ns2:Width Units="pixels">75</ns2:Width></ns2:SmallImage><ns2:Studio>stopffiy</ns2:Studio><ns2:Title>USB-Silikonschlauch Nachtlicht tragbare B&#xFC;ro Auge LED Leselampe Schreibtischlampe (Color : Yellow)</ns2:Title></ns2:ItemAttributes></AttributeSets><Relationships><VariationParent xmlns="http://mws.amazonservices.com/schema/Products/2011-10-01"><Identifiers><MarketplaceASIN><MarketplaceId>A1PA6795UKMFR9</MarketplaceId><ASIN>B07MV7ZSKP</ASIN></MarketplaceASIN></Identifiers></VariationParent></Relationships><SalesRankings></SalesRankings></Product></GetMatchingProductResult><GetMatchingProductResult ASIN='B07HJYMQDC' status='Success'><Product><Identifiers><MarketplaceASIN><MarketplaceId>A1PA6795UKMFR9</MarketplaceId><ASIN>B07HJYMQDC</ASIN></MarketplaceASIN></Identifiers><AttributeSets><ns2:ItemAttributes xmlns:ns2="http://mws.amazonservices.com/schema/Products/2011-10-01/default.xsd" xml:lang="de-DE"><ns2:Brand>Shopffiy</ns2:Brand><ns2:ItemDimensions><ns2:Weight Units="pounds">1.7636980960000</ns2:Weight></ns2:ItemDimensions><ns2:Label>shopffiy</ns2:Label><ns2:Manufacturer>shopffiy</ns2:Manufacturer><ns2:MaterialType>epoxy</ns2:MaterialType><ns2:NumberOfItems>1</ns2:NumberOfItems><ns2:PackageQuantity>1</ns2:PackageQuantity><ns2:PartNumber>shopffiy</ns2:PartNumber><ns2:ProductGroup>Furniture</ns2:ProductGroup><ns2:ProductTypeName>HOME_FURNITURE_AND_DECOR</ns2:ProductTypeName><ns2:Publisher>shopffiy</ns2:Publisher><ns2:SmallImage><ns2:URL>http://ecx.images-amazon.com/images/I/51fW1AeloBL._SL75_.jpg</ns2:URL><ns2:Height Units="pixels">75</ns2:Height><ns2:Width Units="pixels">75</ns2:Width></ns2:SmallImage><ns2:Studio>shopffiy</ns2:Studio><ns2:Title>Shopffiy Tagore Drachen-f&#xF6;rmigen Aschenbecher kreative Pers&#xF6;nlichkeit Trend-Mode Jungen Geburtstag Geschenke</ns2:Title></ns2:ItemAttributes></AttributeSets><Relationships></Relationships><SalesRankings><SalesRank><ProductCategoryId>kitchen_display_on_website</ProductCategoryId><Rank>2658770</Rank></SalesRank><SalesRank><ProductCategoryId>332330011</ProductCategoryId><Rank>14540</Rank></SalesRank></SalesRankings></Product></GetMatchingProductResult><GetMatchingProductResult ASIN='B07MTGFF5D' status='Success'><Product><Identifiers><MarketplaceASIN><MarketplaceId>A1PA6795UKMFR9</MarketplaceId><ASIN>B07MTGFF5D</ASIN></MarketplaceASIN></Identifiers><AttributeSets><ns2:ItemAttributes xmlns:ns2="http://mws.amazonservices.com/schema/Products/2011-10-01/default.xsd" xml:lang="de-DE"><ns2:Brand>Stopffiy</ns2:Brand><ns2:Color>Black-white Light</ns2:Color><ns2:ItemDimensions><ns2:Weight Units="pounds">0.0022046226200</ns2:Weight></ns2:ItemDimensions><ns2:Label>stopffiy</ns2:Label><ns2:Manufacturer>stopffiy</ns2:Manufacturer><ns2:NumberOfItems>1</ns2:NumberOfItems><ns2:PackageQuantity>1</ns2:PackageQuantity><ns2:PartNumber>stopffiy</ns2:PartNumber><ns2:ProductGroup>Beleuchtung</ns2:ProductGroup><ns2:ProductTypeName>HOME_LIGHTING_AND_LAMPS</ns2:ProductTypeName><ns2:Publisher>stopffiy</ns2:Publisher><ns2:SmallImage><ns2:URL>http://ecx.images-amazon.com/images/I/41Y-7SVeIWL._SL75_.jpg</ns2:URL><ns2:Height Units="pixels">75</ns2:Height><ns2:Width Units="pixels">75</ns2:Width></ns2:SmallImage><ns2:Studio>stopffiy</ns2:Studio><ns2:Title>USB-Nachtlicht LED-Augenschutz Tischlampe Nachttischlampe mit Clip-Clip Typ Clip Tischlampe (Color : Black-White light)</ns2:Title></ns2:ItemAttributes></AttributeSets><Relationships><VariationParent xmlns="http://mws.amazonservices.com/schema/Products/2011-10-01"><Identifiers><MarketplaceASIN><MarketplaceId>A1PA6795UKMFR9</MarketplaceId><ASIN>B07MTD8G2M</ASIN></MarketplaceASIN></Identifiers></VariationParent></Relationships><SalesRankings></SalesRankings></Product></GetMatchingProductResult><ResponseMetadata><RequestId>57bfbf93-12b0-4839-b582-e79504a55a19</RequestId></ResponseMetadata></GetMatchingProductResponse>