{"GetMatchingProductResult":[{"@attributes":{"ASIN":"B07MC7X86Q","status":"Success"},"Product":{"Identifiers":{"MarketplaceASIN":{"MarketplaceId":"A1PA6795UKMFR9","ASIN":"B07MC7X86Q"}},"AttributeSets":{"ns_ItemAttributes":{"@attributes":{"xmln_ns2":"http:\/\/mws.amazonservices.com\/schema\/Products\/2011-10-01\/default.xsd","xm_lang":"de-DE"},"ns_Brand":"Stopffiy","ns_Color":"Red","ns_ItemDimensions":{"ns_Weight":"0.0022046226200"},"ns_Label":"stopffiy","ns_Manufacturer":"stopffiy","ns_MaterialType":"metal","ns_NumberOfItems":"1","ns_PackageQuantity":"1","ns_PartNumber":"stopffiy","ns_ProductGroup":"Home","ns_ProductTypeName":"PERSONAL_CARE_APPLIANCE","ns_Publisher":"stopffiy","ns_SmallImage":{"ns_URL":"http:\/\/ecx.images-amazon.com\/images\/I\/419PgmL2eIL._SL75_.jpg","ns_Height":"75","ns_Width":"75"},"ns_Studio":"stopffiy","ns_Title":"Stopffiy Erwachsene Sexy M\u00f6bel Cosplay Rollenspiele Fox Tail Metallstecker Paar Sexy Tool (Multicolor, One Size) (Color_ Red)"}},"Relationships":{"VariationParent":{"Identifiers":{"MarketplaceASIN":{"MarketplaceId":"A1PA6795UKMFR9","ASIN":"B07MJG9VDJ"}}}},"SalesRankings":{}}},{"@attributes":{"ASIN":"B07GPK47FP","status":"Success"},"Product":{"Identifiers":{"MarketplaceASIN":{"MarketplaceId":"A1PA6795UKMFR9","ASIN":"B07GPK47FP"}},"AttributeSets":{"ns_ItemAttributes":{"@attributes":{"xmln_ns2":"http:\/\/mws.amazonservices.com\/schema\/Products\/2011-10-01\/default.xsd","xm_lang":"de-DE"},"ns_Brand":"Shopffiy","ns_ItemDimensions":{"ns_Weight":"0.3858089585000"},"ns_Label":"shopffiy","ns_Manufacturer":"shopffiy","ns_MaterialType":"metal","ns_NumberOfItems":"1","ns_PackageQuantity":"1","ns_PartNumber":"shopffiy","ns_ProductGroup":"Furniture","ns_ProductTypeName":"HOME_FURNITURE_AND_DECOR","ns_Publisher":"shopffiy","ns_SmallImage":{"ns_URL":"http:\/\/ecx.images-amazon.com\/images\/I\/41N2ZJC59cL._SL75_.jpg","ns_Height":"75","ns_Width":"75"},"ns_Studio":"shopffiy","ns_Title":"Shopffiy Edelstahl Aschenbecher mit Deckel kreative Pers\u00f6nlichkeit Mode windundurchl\u00e4ssigen runden Aschenbecher"}},"Relationships":{},"SalesRankings":{}}},{"@attributes":{"ASIN":"B07MJXRDVH","status":"Success"},"Product":{"Identifiers":{"MarketplaceASIN":{"MarketplaceId":"A1PA6795UKMFR9","ASIN":"B07MJXRDVH"}},"AttributeSets":{"ns_ItemAttributes":{"@attributes":{"xmln_ns2":"http:\/\/mws.amazonservices.com\/schema\/Products\/2011-10-01\/default.xsd","xm_lang":"de-DE"},"ns_Binding":"Misc.","ns_Color":"Yellow","ns_ItemDimensions":{"ns_Weight":"0.0022046226200"},"ns_Label":"None","ns_Manufacturer":"None","ns_NumberOfItems":"1","ns_PackageQuantity":"1","ns_ProductGroup":"Home Improvement","ns_ProductTypeName":"SPORTING_GOODS","ns_Publisher":"None","ns_SmallImage":{"ns_URL":"http:\/\/ecx.images-amazon.com\/images\/I\/41zLz5j6L8L._SL75_.jpg","ns_Height":"75","ns_Width":"75"},"ns_Studio":"None","ns_Title":"Ohrenst\u00f6psel Baby Anti-L\u00e4rm-Schallschutz Ohrensch\u00fctzer lernen Schlaf Schlaf Ger\u00e4uschminderung Kopfh\u00f6rer Kinder Baby Ohrensch\u00fctzer (Color_ Yellow)"}},"Relationships":{"VariationParent":{"Identifiers":{"MarketplaceASIN":{"MarketplaceId":"A1PA6795UKMFR9","ASIN":"B07MJW3WHS"}}}},"SalesRankings":{}}},{"@attributes":{"ASIN":"B07MMFCSHK","status":"Success"},"Product":{"Identifiers":{"MarketplaceASIN":{"MarketplaceId":"A1PA6795UKMFR9","ASIN":"B07MMFCSHK"}},"AttributeSets":{"ns_ItemAttributes":{"@attributes":{"xmln_ns2":"http:\/\/mws.amazonservices.com\/schema\/Products\/2011-10-01\/default.xsd","xm_lang":"de-DE"},"ns_Binding":"Misc.","ns_Color":"Green","ns_ItemDimensions":{"ns_Weight":"0.0022046226200"},"ns_Label":"None","ns_Manufacturer":"None","ns_NumberOfItems":"1","ns_PackageQuantity":"1","ns_ProductGroup":"Home Improvement","ns_ProductTypeName":"SPORTING_GOODS","ns_Publisher":"None","ns_SmallImage":{"ns_URL":"http:\/\/ecx.images-amazon.com\/images\/I\/31MFr%2BPBFdL._SL75_.jpg","ns_Height":"75","ns_Width":"75"},"ns_Studio":"None","ns_Title":"Ohrenst\u00f6psel Baby Anti-L\u00e4rm-Schallschutz Ohrensch\u00fctzer lernen Schlaf Schlaf Ger\u00e4uschminderung Kopfh\u00f6rer Kinder Baby Ohrensch\u00fctzer (Color_ Green)"}},"Relationships":{"VariationParent":{"Identifiers":{"MarketplaceASIN":{"MarketplaceId":"A1PA6795UKMFR9","ASIN":"B07MJW3WHS"}}}},"SalesRankings":{}}},{"@attributes":{"ASIN":"B07H4JV7GR","status":"Success"},"Product":{"Identifiers":{"MarketplaceASIN":{"MarketplaceId":"A1PA6795UKMFR9","ASIN":"B07H4JV7GR"}},"AttributeSets":{"ns_ItemAttributes":{"@attributes":{"xmln_ns2":"http:\/\/mws.amazonservices.com\/schema\/Products\/2011-10-01\/default.xsd","xm_lang":"de-DE"},"ns_Brand":"Shopffiy","ns_ItemDimensions":{"ns_Weight":"6.6138678600000"},"ns_Label":"shopffiy","ns_Manufacturer":"shopffiy","ns_MaterialType":"synthetic-resin","ns_NumberOfItems":"1","ns_PackageQuantity":"1","ns_PartNumber":"shopffiy","ns_ProductGroup":"Furniture","ns_ProductTypeName":"HOME_FURNITURE_AND_DECOR","ns_Publisher":"shopffiy","ns_SmallImage":{"ns_URL":"http:\/\/ecx.images-amazon.com\/images\/I\/51mZQ1%2Bnw2L._SL75_.jpg","ns_Height":"75","ns_Width":"75"},"ns_Studio":"shopffiy","ns_Title":"Shopffiy Leopard aschenbecher Edelstahl Kreative Europ\u00e4ische Dekoration b\u00fcro couchtisch Dekorationen Harz Handwerk"}},"Relationships":{},"SalesRankings":{}}},{"@attributes":{"ASIN":"B07MMGBQ2M","status":"Success"},"Product":{"Identifiers":{"MarketplaceASIN":{"MarketplaceId":"A1PA6795UKMFR9","ASIN":"B07MMGBQ2M"}},"AttributeSets":{"ns_ItemAttributes":{"@attributes":{"xmln_ns2":"http:\/\/mws.amazonservices.com\/schema\/Products\/2011-10-01\/default.xsd","xm_lang":"de-DE"},"ns_Binding":"Misc.","ns_ItemDimensions":{"ns_Weight":"0.0022046226200"},"ns_Label":"None","ns_Manufacturer":"None","ns_MaterialType":"ABS","ns_NumberOfItems":"1","ns_PackageQuantity":"1","ns_ProductGroup":"Home Improvement","ns_ProductTypeName":"SPORTING_GOODS","ns_Publisher":"None","ns_SmallImage":{"ns_URL":"http:\/\/ecx.images-amazon.com\/images\/I\/41TfW96RQHL._SL75_.jpg","ns_Height":"75","ns_Width":"75"},"ns_Studio":"None","ns_Title":"3M h\u00e4ngender Schutzhelm Ohrensch\u00fctzer Schallschutz Kopfh\u00f6rer"}},"Relationships":{},"SalesRankings":{}}},{"@attributes":{"ASIN":"B07MGBR7BF","status":"Success"},"Product":{"Identifiers":{"MarketplaceASIN":{"MarketplaceId":"A1PA6795UKMFR9","ASIN":"B07MGBR7BF"}},"AttributeSets":{"ns_ItemAttributes":{"@attributes":{"xmln_ns2":"http:\/\/mws.amazonservices.com\/schema\/Products\/2011-10-01\/default.xsd","xm_lang":"de-DE"},"ns_Binding":"Misc.","ns_Color":"Black","ns_ItemDimensions":{"ns_Weight":"0.0022046226200"},"ns_Label":"None","ns_Manufacturer":"None","ns_MaterialType":"ABS","ns_NumberOfItems":"1","ns_PackageQuantity":"1","ns_ProductGroup":"Home Improvement","ns_ProductTypeName":"SPORTING_GOODS","ns_Publisher":"None","ns_SmallImage":{"ns_URL":"http:\/\/ecx.images-amazon.com\/images\/I\/41XcX4i-UEL._SL75_.jpg","ns_Height":"75","ns_Width":"75"},"ns_Studio":"None","ns_Title":"Schallschutz-Ohrensch\u00fctzer Kopfh\u00f6rer zur Ger\u00e4uschreduzierung im Schlaf Ger\u00e4uschdichte Ohrensch\u00fctzer aus der Fabrik (Color_ Black)"}},"Relationships":{"VariationParent":{"Identifiers":{"MarketplaceASIN":{"MarketplaceId":"A1PA6795UKMFR9","ASIN":"B07MGBR1JK"}}}},"SalesRankings":{}}},{"@attributes":{"ASIN":"B07MMGX6SR","status":"Success"},"Product":{"Identifiers":{"MarketplaceASIN":{"MarketplaceId":"A1PA6795UKMFR9","ASIN":"B07MMGX6SR"}},"AttributeSets":{"ns_ItemAttributes":{"@attributes":{"xmln_ns2":"http:\/\/mws.amazonservices.com\/schema\/Products\/2011-10-01\/default.xsd","xm_lang":"de-DE"},"ns_Binding":"Misc.","ns_Color":"Green","ns_ItemDimensions":{"ns_Weight":"0.0022046226200"},"ns_Label":"None","ns_Manufacturer":"None","ns_MaterialType":"ABS","ns_NumberOfItems":"1","ns_PackageQuantity":"1","ns_ProductGroup":"Home Improvement","ns_ProductTypeName":"SPORTING_GOODS","ns_Publisher":"None","ns_SmallImage":{"ns_URL":"http:\/\/ecx.images-amazon.com\/images\/I\/41f4Y07C9EL._SL75_.jpg","ns_Height":"75","ns_Width":"75"},"ns_Studio":"None","ns_Title":"Passive Ohrensch\u00fctzer zur Ger\u00e4usch- und Ger\u00e4uschreduzierung (Color_ Green)"}},"Relationships":{"VariationParent":{"Identifiers":{"MarketplaceASIN":{"MarketplaceId":"A1PA6795UKMFR9","ASIN":"B07MCPC27G"}}}},"SalesRankings":{}}},{"@attributes":{"ASIN":"B07PDYPBFQ","status":"Success"},"Product":{"Identifiers":{"MarketplaceASIN":{"MarketplaceId":"A1PA6795UKMFR9","ASIN":"B07PDYPBFQ"}},"AttributeSets":{"ns_ItemAttributes":{"@attributes":{"xmln_ns2":"http:\/\/mws.amazonservices.com\/schema\/Products\/2011-10-01\/default.xsd","xm_lang":"de-DE"},"ns_Brand":"Stopffiy","ns_ItemDimensions":{"ns_Weight":"0.0022046226200"},"ns_Label":"stopffiy","ns_Manufacturer":"stopffiy","ns_MaterialType":"bamboo","ns_NumberOfItems":"1","ns_PackageQuantity":"1","ns_PartNumber":"stopffiy","ns_ProductGroup":"Furniture","ns_ProductTypeName":"POWERSPORTS_VEHICLE","ns_Publisher":"stopffiy","ns_SmallImage":{"ns_URL":"http:\/\/ecx.images-amazon.com\/images\/I\/41lTNRD0YRL._SL75_.jpg","ns_Height":"75","ns_Width":"75"},"ns_Studio":"stopffiy","ns_Title":"Stopffiy Aschenbecher Bambus kreative pers\u00f6nlichkeit Edelstahl hochwertigen chinesischen aschenbecher Wohnzimmer b\u00fcro couchtisch aschenbecher"}},"Relationships":{},"SalesRankings":{}}},{"@attributes":{"ASIN":"B07K2YWXD7","status":"Success"},"Product":{"Identifiers":{"MarketplaceASIN":{"MarketplaceId":"A1PA6795UKMFR9","ASIN":"B07K2YWXD7"}},"AttributeSets":{"ns_ItemAttributes":{"@attributes":{"xmln_ns2":"http:\/\/mws.amazonservices.com\/schema\/Products\/2011-10-01\/default.xsd","xm_lang":"de-DE"},"ns_Brand":"Shopffiy","ns_Color":"Blue","ns_ItemDimensions":{"ns_Weight":"0.0022046226200"},"ns_Label":"shopffiy","ns_Manufacturer":"shopffiy","ns_MaterialType":"high temperature resistant flame retardant","ns_NumberOfItems":"1","ns_PackageQuantity":"1","ns_PartNumber":"shopffiy","ns_ProductGroup":"Furniture","ns_ProductTypeName":"HOME_FURNITURE_AND_DECOR","ns_Publisher":"shopffiy","ns_SmallImage":{"ns_URL":"http:\/\/ecx.images-amazon.com\/images\/I\/312yc8eu67L._SL75_.jpg","ns_Height":"75","ns_Width":"75"},"ns_Studio":"shopffiy","ns_Title":"Shopffiy Auto-Aschenbecher Multifunktions-Universal-Creative-Offene Abdeckung im Auto-Aschenbecher (Color_ Blue)"}},"Relationships":{"VariationParent":{"Identifiers":{"MarketplaceASIN":{"MarketplaceId":"A1PA6795UKMFR9","ASIN":"B07LF4MCS9"}}}},"SalesRankings":{}}}],"ResponseMetadata":{"RequestId":"4feac626-9254-499b-9382-585a709d8bc6"}}