<GetMatchingProductResponse xmlns="http://mws.amazonservices.com/schema/Products/2011-10-01"><GetMatchingProductResult ASIN='B07MC7X86Q' status='Success'><Product><Identifiers><MarketplaceASIN><MarketplaceId>A1PA6795UKMFR9</MarketplaceId><ASIN>B07MC7X86Q</ASIN></MarketplaceASIN></Identifiers><AttributeSets><ns2:ItemAttributes xmlns:ns2="http://mws.amazonservices.com/schema/Products/2011-10-01/default.xsd" xml:lang="de-DE"><ns2:Brand>Stopffiy</ns2:Brand><ns2:Color>Red</ns2:Color><ns2:ItemDimensions><ns2:Weight Units="pounds">0.0022046226200</ns2:Weight></ns2:ItemDimensions><ns2:Label>stopffiy</ns2:Label><ns2:Manufacturer>stopffiy</ns2:Manufacturer><ns2:MaterialType>metal</ns2:MaterialType><ns2:NumberOfItems>1</ns2:NumberOfItems><ns2:PackageQuantity>1</ns2:PackageQuantity><ns2:PartNumber>stopffiy</ns2:PartNumber><ns2:ProductGroup>Home</ns2:ProductGroup><ns2:ProductTypeName>PERSONAL_CARE_APPLIANCE</ns2:ProductTypeName><ns2:Publisher>stopffiy</ns2:Publisher><ns2:SmallImage><ns2:URL>http://ecx.images-amazon.com/images/I/419PgmL2eIL._SL75_.jpg</ns2:URL><ns2:Height Units="pixels">75</ns2:Height><ns2:Width Units="pixels">75</ns2:Width></ns2:SmallImage><ns2:Studio>stopffiy</ns2:Studio><ns2:Title>Stopffiy Erwachsene Sexy M&#xF6;bel Cosplay Rollenspiele Fox Tail Metallstecker Paar Sexy Tool (Multicolor, One Size) (Color : Red)</ns2:Title></ns2:ItemAttributes></AttributeSets><Relationships><VariationParent xmlns="http://mws.amazonservices.com/schema/Products/2011-10-01"><Identifiers><MarketplaceASIN><MarketplaceId>A1PA6795UKMFR9</MarketplaceId><ASIN>B07MJG9VDJ</ASIN></MarketplaceASIN></Identifiers></VariationParent></Relationships><SalesRankings></SalesRankings></Product></GetMatchingProductResult><GetMatchingProductResult ASIN='B07GPK47FP' status='Success'><Product><Identifiers><MarketplaceASIN><MarketplaceId>A1PA6795UKMFR9</MarketplaceId><ASIN>B07GPK47FP</ASIN></MarketplaceASIN></Identifiers><AttributeSets><ns2:ItemAttributes xmlns:ns2="http://mws.amazonservices.com/schema/Products/2011-10-01/default.xsd" xml:lang="de-DE"><ns2:Brand>Shopffiy</ns2:Brand><ns2:ItemDimensions><ns2:Weight Units="pounds">0.3858089585000</ns2:Weight></ns2:ItemDimensions><ns2:Label>shopffiy</ns2:Label><ns2:Manufacturer>shopffiy</ns2:Manufacturer><ns2:MaterialType>metal</ns2:MaterialType><ns2:NumberOfItems>1</ns2:NumberOfItems><ns2:PackageQuantity>1</ns2:PackageQuantity><ns2:PartNumber>shopffiy</ns2:PartNumber><ns2:ProductGroup>Furniture</ns2:ProductGroup><ns2:ProductTypeName>HOME_FURNITURE_AND_DECOR</ns2:ProductTypeName><ns2:Publisher>shopffiy</ns2:Publisher><ns2:SmallImage><ns2:URL>http://ecx.images-amazon.com/images/I/41N2ZJC59cL._SL75_.jpg</ns2:URL><ns2:Height Units="pixels">75</ns2:Height><ns2:Width Units="pixels">75</ns2:Width></ns2:SmallImage><ns2:Studio>shopffiy</ns2:Studio><ns2:Title>Shopffiy Edelstahl Aschenbecher mit Deckel kreative Pers&#xF6;nlichkeit Mode windundurchl&#xE4;ssigen runden Aschenbecher</ns2:Title></ns2:ItemAttributes></AttributeSets><Relationships></Relationships><SalesRankings></SalesRankings></Product></GetMatchingProductResult><GetMatchingProductResult ASIN='B07MJXRDVH' status='Success'><Product><Identifiers><MarketplaceASIN><MarketplaceId>A1PA6795UKMFR9</MarketplaceId><ASIN>B07MJXRDVH</ASIN></MarketplaceASIN></Identifiers><AttributeSets><ns2:ItemAttributes xmlns:ns2="http://mws.amazonservices.com/schema/Products/2011-10-01/default.xsd" xml:lang="de-DE"><ns2:Binding>Misc.</ns2:Binding><ns2:Color>Yellow</ns2:Color><ns2:ItemDimensions><ns2:Weight Units="pounds">0.0022046226200</ns2:Weight></ns2:ItemDimensions><ns2:Label>None</ns2:Label><ns2:Manufacturer>None</ns2:Manufacturer><ns2:NumberOfItems>1</ns2:NumberOfItems><ns2:PackageQuantity>1</ns2:PackageQuantity><ns2:ProductGroup>Home Improvement</ns2:ProductGroup><ns2:ProductTypeName>SPORTING_GOODS</ns2:ProductTypeName><ns2:Publisher>None</ns2:Publisher><ns2:SmallImage><ns2:URL>http://ecx.images-amazon.com/images/I/41zLz5j6L8L._SL75_.jpg</ns2:URL><ns2:Height Units="pixels">75</ns2:Height><ns2:Width Units="pixels">75</ns2:Width></ns2:SmallImage><ns2:Studio>None</ns2:Studio><ns2:Title>Ohrenst&#xF6;psel Baby Anti-L&#xE4;rm-Schallschutz Ohrensch&#xFC;tzer lernen Schlaf Schlaf Ger&#xE4;uschminderung Kopfh&#xF6;rer Kinder Baby Ohrensch&#xFC;tzer (Color : Yellow)</ns2:Title></ns2:ItemAttributes></AttributeSets><Relationships><VariationParent xmlns="http://mws.amazonservices.com/schema/Products/2011-10-01"><Identifiers><MarketplaceASIN><MarketplaceId>A1PA6795UKMFR9</MarketplaceId><ASIN>B07MJW3WHS</ASIN></MarketplaceASIN></Identifiers></VariationParent></Relationships><SalesRankings></SalesRankings></Product></GetMatchingProductResult><GetMatchingProductResult ASIN='B07MMFCSHK' status='Success'><Product><Identifiers><MarketplaceASIN><MarketplaceId>A1PA6795UKMFR9</MarketplaceId><ASIN>B07MMFCSHK</ASIN></MarketplaceASIN></Identifiers><AttributeSets><ns2:ItemAttributes xmlns:ns2="http://mws.amazonservices.com/schema/Products/2011-10-01/default.xsd" xml:lang="de-DE"><ns2:Binding>Misc.</ns2:Binding><ns2:Color>Green</ns2:Color><ns2:ItemDimensions><ns2:Weight Units="pounds">0.0022046226200</ns2:Weight></ns2:ItemDimensions><ns2:Label>None</ns2:Label><ns2:Manufacturer>None</ns2:Manufacturer><ns2:NumberOfItems>1</ns2:NumberOfItems><ns2:PackageQuantity>1</ns2:PackageQuantity><ns2:ProductGroup>Home Improvement</ns2:ProductGroup><ns2:ProductTypeName>SPORTING_GOODS</ns2:ProductTypeName><ns2:Publisher>None</ns2:Publisher><ns2:SmallImage><ns2:URL>http://ecx.images-amazon.com/images/I/31MFr%2BPBFdL._SL75_.jpg</ns2:URL><ns2:Height Units="pixels">75</ns2:Height><ns2:Width Units="pixels">75</ns2:Width></ns2:SmallImage><ns2:Studio>None</ns2:Studio><ns2:Title>Ohrenst&#xF6;psel Baby Anti-L&#xE4;rm-Schallschutz Ohrensch&#xFC;tzer lernen Schlaf Schlaf Ger&#xE4;uschminderung Kopfh&#xF6;rer Kinder Baby Ohrensch&#xFC;tzer (Color : Green)</ns2:Title></ns2:ItemAttributes></AttributeSets><Relationships><VariationParent xmlns="http://mws.amazonservices.com/schema/Products/2011-10-01"><Identifiers><MarketplaceASIN><MarketplaceId>A1PA6795UKMFR9</MarketplaceId><ASIN>B07MJW3WHS</ASIN></MarketplaceASIN></Identifiers></VariationParent></Relationships><SalesRankings></SalesRankings></Product></GetMatchingProductResult><GetMatchingProductResult ASIN='B07H4JV7GR' status='Success'><Product><Identifiers><MarketplaceASIN><MarketplaceId>A1PA6795UKMFR9</MarketplaceId><ASIN>B07H4JV7GR</ASIN></MarketplaceASIN></Identifiers><AttributeSets><ns2:ItemAttributes xmlns:ns2="http://mws.amazonservices.com/schema/Products/2011-10-01/default.xsd" xml:lang="de-DE"><ns2:Brand>Shopffiy</ns2:Brand><ns2:ItemDimensions><ns2:Weight Units="pounds">6.6138678600000</ns2:Weight></ns2:ItemDimensions><ns2:Label>shopffiy</ns2:Label><ns2:Manufacturer>shopffiy</ns2:Manufacturer><ns2:MaterialType>synthetic-resin</ns2:MaterialType><ns2:NumberOfItems>1</ns2:NumberOfItems><ns2:PackageQuantity>1</ns2:PackageQuantity><ns2:PartNumber>shopffiy</ns2:PartNumber><ns2:ProductGroup>Furniture</ns2:ProductGroup><ns2:ProductTypeName>HOME_FURNITURE_AND_DECOR</ns2:ProductTypeName><ns2:Publisher>shopffiy</ns2:Publisher><ns2:SmallImage><ns2:URL>http://ecx.images-amazon.com/images/I/51mZQ1%2Bnw2L._SL75_.jpg</ns2:URL><ns2:Height Units="pixels">75</ns2:Height><ns2:Width Units="pixels">75</ns2:Width></ns2:SmallImage><ns2:Studio>shopffiy</ns2:Studio><ns2:Title>Shopffiy Leopard aschenbecher Edelstahl Kreative Europ&#xE4;ische Dekoration b&#xFC;ro couchtisch Dekorationen Harz Handwerk</ns2:Title></ns2:ItemAttributes></AttributeSets><Relationships></Relationships><SalesRankings></SalesRankings></Product></GetMatchingProductResult><GetMatchingProductResult ASIN='B07MMGBQ2M' status='Success'><Product><Identifiers><MarketplaceASIN><MarketplaceId>A1PA6795UKMFR9</MarketplaceId><ASIN>B07MMGBQ2M</ASIN></MarketplaceASIN></Identifiers><AttributeSets><ns2:ItemAttributes xmlns:ns2="http://mws.amazonservices.com/schema/Products/2011-10-01/default.xsd" xml:lang="de-DE"><ns2:Binding>Misc.</ns2:Binding><ns2:ItemDimensions><ns2:Weight Units="pounds">0.0022046226200</ns2:Weight></ns2:ItemDimensions><ns2:Label>None</ns2:Label><ns2:Manufacturer>None</ns2:Manufacturer><ns2:MaterialType>ABS</ns2:MaterialType><ns2:NumberOfItems>1</ns2:NumberOfItems><ns2:PackageQuantity>1</ns2:PackageQuantity><ns2:ProductGroup>Home Improvement</ns2:ProductGroup><ns2:ProductTypeName>SPORTING_GOODS</ns2:ProductTypeName><ns2:Publisher>None</ns2:Publisher><ns2:SmallImage><ns2:URL>http://ecx.images-amazon.com/images/I/41TfW96RQHL._SL75_.jpg</ns2:URL><ns2:Height Units="pixels">75</ns2:Height><ns2:Width Units="pixels">75</ns2:Width></ns2:SmallImage><ns2:Studio>None</ns2:Studio><ns2:Title>3M h&#xE4;ngender Schutzhelm Ohrensch&#xFC;tzer Schallschutz Kopfh&#xF6;rer</ns2:Title></ns2:ItemAttributes></AttributeSets><Relationships></Relationships><SalesRankings></SalesRankings></Product></GetMatchingProductResult><GetMatchingProductResult ASIN='B07MGBR7BF' status='Success'><Product><Identifiers><MarketplaceASIN><MarketplaceId>A1PA6795UKMFR9</MarketplaceId><ASIN>B07MGBR7BF</ASIN></MarketplaceASIN></Identifiers><AttributeSets><ns2:ItemAttributes xmlns:ns2="http://mws.amazonservices.com/schema/Products/2011-10-01/default.xsd" xml:lang="de-DE"><ns2:Binding>Misc.</ns2:Binding><ns2:Color>Black</ns2:Color><ns2:ItemDimensions><ns2:Weight Units="pounds">0.0022046226200</ns2:Weight></ns2:ItemDimensions><ns2:Label>None</ns2:Label><ns2:Manufacturer>None</ns2:Manufacturer><ns2:MaterialType>ABS</ns2:MaterialType><ns2:NumberOfItems>1</ns2:NumberOfItems><ns2:PackageQuantity>1</ns2:PackageQuantity><ns2:ProductGroup>Home Improvement</ns2:ProductGroup><ns2:ProductTypeName>SPORTING_GOODS</ns2:ProductTypeName><ns2:Publisher>None</ns2:Publisher><ns2:SmallImage><ns2:URL>http://ecx.images-amazon.com/images/I/41XcX4i-UEL._SL75_.jpg</ns2:URL><ns2:Height Units="pixels">75</ns2:Height><ns2:Width Units="pixels">75</ns2:Width></ns2:SmallImage><ns2:Studio>None</ns2:Studio><ns2:Title>Schallschutz-Ohrensch&#xFC;tzer Kopfh&#xF6;rer zur Ger&#xE4;uschreduzierung im Schlaf Ger&#xE4;uschdichte Ohrensch&#xFC;tzer aus der Fabrik (Color : Black)</ns2:Title></ns2:ItemAttributes></AttributeSets><Relationships><VariationParent xmlns="http://mws.amazonservices.com/schema/Products/2011-10-01"><Identifiers><MarketplaceASIN><MarketplaceId>A1PA6795UKMFR9</MarketplaceId><ASIN>B07MGBR1JK</ASIN></MarketplaceASIN></Identifiers></VariationParent></Relationships><SalesRankings></SalesRankings></Product></GetMatchingProductResult><GetMatchingProductResult ASIN='B07MMGX6SR' status='Success'><Product><Identifiers><MarketplaceASIN><MarketplaceId>A1PA6795UKMFR9</MarketplaceId><ASIN>B07MMGX6SR</ASIN></MarketplaceASIN></Identifiers><AttributeSets><ns2:ItemAttributes xmlns:ns2="http://mws.amazonservices.com/schema/Products/2011-10-01/default.xsd" xml:lang="de-DE"><ns2:Binding>Misc.</ns2:Binding><ns2:Color>Green</ns2:Color><ns2:ItemDimensions><ns2:Weight Units="pounds">0.0022046226200</ns2:Weight></ns2:ItemDimensions><ns2:Label>None</ns2:Label><ns2:Manufacturer>None</ns2:Manufacturer><ns2:MaterialType>ABS</ns2:MaterialType><ns2:NumberOfItems>1</ns2:NumberOfItems><ns2:PackageQuantity>1</ns2:PackageQuantity><ns2:ProductGroup>Home Improvement</ns2:ProductGroup><ns2:ProductTypeName>SPORTING_GOODS</ns2:ProductTypeName><ns2:Publisher>None</ns2:Publisher><ns2:SmallImage><ns2:URL>http://ecx.images-amazon.com/images/I/41f4Y07C9EL._SL75_.jpg</ns2:URL><ns2:Height Units="pixels">75</ns2:Height><ns2:Width Units="pixels">75</ns2:Width></ns2:SmallImage><ns2:Studio>None</ns2:Studio><ns2:Title>Passive Ohrensch&#xFC;tzer zur Ger&#xE4;usch- und Ger&#xE4;uschreduzierung (Color : Green)</ns2:Title></ns2:ItemAttributes></AttributeSets><Relationships><VariationParent xmlns="http://mws.amazonservices.com/schema/Products/2011-10-01"><Identifiers><MarketplaceASIN><MarketplaceId>A1PA6795UKMFR9</MarketplaceId><ASIN>B07MCPC27G</ASIN></MarketplaceASIN></Identifiers></VariationParent></Relationships><SalesRankings></SalesRankings></Product></GetMatchingProductResult><GetMatchingProductResult ASIN='B07PDYPBFQ' status='Success'><Product><Identifiers><MarketplaceASIN><MarketplaceId>A1PA6795UKMFR9</MarketplaceId><ASIN>B07PDYPBFQ</ASIN></MarketplaceASIN></Identifiers><AttributeSets><ns2:ItemAttributes xmlns:ns2="http://mws.amazonservices.com/schema/Products/2011-10-01/default.xsd" xml:lang="de-DE"><ns2:Brand>Stopffiy</ns2:Brand><ns2:ItemDimensions><ns2:Weight Units="pounds">0.0022046226200</ns2:Weight></ns2:ItemDimensions><ns2:Label>stopffiy</ns2:Label><ns2:Manufacturer>stopffiy</ns2:Manufacturer><ns2:MaterialType>bamboo</ns2:MaterialType><ns2:NumberOfItems>1</ns2:NumberOfItems><ns2:PackageQuantity>1</ns2:PackageQuantity><ns2:PartNumber>stopffiy</ns2:PartNumber><ns2:ProductGroup>Furniture</ns2:ProductGroup><ns2:ProductTypeName>POWERSPORTS_VEHICLE</ns2:ProductTypeName><ns2:Publisher>stopffiy</ns2:Publisher><ns2:SmallImage><ns2:URL>http://ecx.images-amazon.com/images/I/41lTNRD0YRL._SL75_.jpg</ns2:URL><ns2:Height Units="pixels">75</ns2:Height><ns2:Width Units="pixels">75</ns2:Width></ns2:SmallImage><ns2:Studio>stopffiy</ns2:Studio><ns2:Title>Stopffiy Aschenbecher Bambus kreative pers&#xF6;nlichkeit Edelstahl hochwertigen chinesischen aschenbecher Wohnzimmer b&#xFC;ro couchtisch aschenbecher</ns2:Title></ns2:ItemAttributes></AttributeSets><Relationships></Relationships><SalesRankings></SalesRankings></Product></GetMatchingProductResult><GetMatchingProductResult ASIN='B07K2YWXD7' status='Success'><Product><Identifiers><MarketplaceASIN><MarketplaceId>A1PA6795UKMFR9</MarketplaceId><ASIN>B07K2YWXD7</ASIN></MarketplaceASIN></Identifiers><AttributeSets><ns2:ItemAttributes xmlns:ns2="http://mws.amazonservices.com/schema/Products/2011-10-01/default.xsd" xml:lang="de-DE"><ns2:Brand>Shopffiy</ns2:Brand><ns2:Color>Blue</ns2:Color><ns2:ItemDimensions><ns2:Weight Units="pounds">0.0022046226200</ns2:Weight></ns2:ItemDimensions><ns2:Label>shopffiy</ns2:Label><ns2:Manufacturer>shopffiy</ns2:Manufacturer><ns2:MaterialType>high temperature resistant flame retardant</ns2:MaterialType><ns2:NumberOfItems>1</ns2:NumberOfItems><ns2:PackageQuantity>1</ns2:PackageQuantity><ns2:PartNumber>shopffiy</ns2:PartNumber><ns2:ProductGroup>Furniture</ns2:ProductGroup><ns2:ProductTypeName>HOME_FURNITURE_AND_DECOR</ns2:ProductTypeName><ns2:Publisher>shopffiy</ns2:Publisher><ns2:SmallImage><ns2:URL>http://ecx.images-amazon.com/images/I/312yc8eu67L._SL75_.jpg</ns2:URL><ns2:Height Units="pixels">75</ns2:Height><ns2:Width Units="pixels">75</ns2:Width></ns2:SmallImage><ns2:Studio>shopffiy</ns2:Studio><ns2:Title>Shopffiy Auto-Aschenbecher Multifunktions-Universal-Creative-Offene Abdeckung im Auto-Aschenbecher (Color : Blue)</ns2:Title></ns2:ItemAttributes></AttributeSets><Relationships><VariationParent xmlns="http://mws.amazonservices.com/schema/Products/2011-10-01"><Identifiers><MarketplaceASIN><MarketplaceId>A1PA6795UKMFR9</MarketplaceId><ASIN>B07LF4MCS9</ASIN></MarketplaceASIN></Identifiers></VariationParent></Relationships><SalesRankings></SalesRankings></Product></GetMatchingProductResult><ResponseMetadata><RequestId>fb37972a-3704-45ec-b8e1-5f6aa6aff574</RequestId></ResponseMetadata></GetMatchingProductResponse>