{
	"AutoAccessory":{
		"ProductType":[
			"AutoAccessoryMisc",
			"AutoPart",
			"PowersportsPart",
			"PowersportsVehicle",
			"ProtectiveGear",
			"Helmet",
			"RidingApparel",
			"Tire",
			"Rims",
			"TireAndWheel",
			"Vehicle",
			"Motorcyclepart",
			"Motorcycleaccessory",
			"Ridinggloves",
			"Ridingboots",
			"Autooil",
			"Autobattery",
			"Autochemical",
			"CleaningOrRepairKit"
		]
	},
	"Arts":{
		"ProductType":[
			"FineArt",
			"FineArtEditioned"
		]
	},
	"Baby":{
		"ProductType":[
			"BabyProducts",
			"InfantToddlerCarSeat",
			"Stroller"
		]
	},
	"Beauty":{
		"ProductType":[
			"BeautyMisc",
			"SkinCareProduct",
			"HairCareProduct",
			"BodyCareProduct",
			"MakeUp",
			"Fragrance",
			"HairRemovalAndShavingProduct"
		]
	},
	"Books":{
		"ProductType":["BooksMisc"]
	},
	"CameraPhoto":{
		"ProductType":{
			"FileCamera":{
				"CameraType":[
					"point-and-shoot",
					"slr",
					"instant",
					"single-use",
					"large-format",
					"medium-format",
					"rangefinder",
					"field",
					"monorail",
					"kids",
					"3-d",
					"micro",
					"panorama",
					"passport-and-id",
					"underwater",
					"other"
				],
				"Durability":"",
				"Features":"",
				"FileFormat":"",
				"FileManagementFeatures":[
					"auto_file_advance",
					"auto_rewind",
					"midroll_rewind",
					"auto_file_load",
					"midroll_change"
				],
				"FixedFocalLength":""
			},
			"Camcorder":{},
			"DigitalCamera":{},
			"DigitalFram":{},
			"Binocular":{},
			"SurveillanceSystem":{},
			"Telescope":{},
			"Microscope":{},
			"Darkroom":{},
			"Lens":{},
			"LensAccessory":{},
			"Filter":{},
			"Film":{},
			"BagCase":{},
			"BlankMedia":{},
			"PhotoPaper":{},
			"Cleaner":{},
			"Flash":{},
			"TripodStand":{},
			"Projection":{},
			"PhotoStudio":{},
			"LightMeter":{},
			"PowerSupply":{},
			"OtherAccessory":{},
			"Lighting":{}
		}
	},
	"CE":{
		"ProductType":[
			"Antenna",
			"AudioVideoAccessory",
			"AVFurniture",
			"BarCodeReader",
			"CEBinocular",
			"CECamcorder",
			"CameraBagsAndCases",
			"CEBattery",
			"CEBlankMedia",
			"CableOrAdapter",
			"CECameraFlash",
			"CameraLenses",
			"CameraOtherAccessories",
			"CameraPowerSupply",
			"CarAlarm",
			"CarAudioOrTheater",
			"CarElectronics",
			"ConsumerElectronics",
			"CEDigitalCamera",
			"DigitalPictureFrame",
			"DigitalVideoRecorder",
			"DVDPlayerOrRecorder",
			"CEFilmCamera",
			"GPSOrNavigationAccessory",
			"GPSOrNavigationSystem",
			"HandheldOrPDA",
			"Headphones",
			"HomeTheaterSystemOrHTIB",
			"KindleAccessories",
			"KindleEReaderAccessories",
			"KindleFireAccessories",
			"MediaPlayer",
			"MediaPlayerOrEReaderAccessory",
			"MediaStorage",
			"MiscAudioComponents",
			"PC",
			"PDA",
			"Phone",
			"PhoneAccessory",
			"PhotographicStudioItems",
			"PortableAudio",
			"PortableAvDevice",
			"PowerSuppliesOrProtection",
			"RadarDetector",
			"RadioOrClockRadio",
			"ReceiverOrAmplifier",
			"RemoteControl",
			"Speakers",
			"StereoShelfSystem",
			"CETelescope",
			"Television",
			"Tuner",
			"TVCombos",
			"TwoWayRadio",
			"VCR",
			"CEVideoProjector",
			"VideoProjectorsAndAccessories",
			"NetworkAdapter",
			"CellularPhoneCase",
			"ScreenProtector"
		],
		"ProductSubtype":[
			"Antenna",
			"AVFurniture",
			"BarCodeReader",
			"CEBinocular",
			"CECamcorder",
			"CameraBagsAndCases",
			"Battery",
			"BlankMedia",
			"CableOrAdapter",
			"CECameraFlash",
			"CameraLenses",
			"CameraOtherAccessories",
			"CameraPowerSupply",
			"CarAudioOrTheater",
			"CarElectronics",
			"CEDigitalCamera",
			"DigitalPictureFrame",
			"CECarryingCaseOrBag",
			"CombinedAvDevice",
			"Computer",
			"ComputerDriveOrStorage",
			"ComputerProcessor",
			"ComputerVideoGameController",
			"DigitalVideoRecorder",
			"DVDPlayerOrRecorder",
			"CEFilmCamera",
			"FlashMemory",
			"GPSOrNavigationAccessory",
			"GPSOrNavigationSystem",
			"HandheldOrPDA",
			"HomeTheaterSystemOrHTIB",
			"Keyboards",
			"MemoryReader",
			"Microphone",
			"Monitor",
			"MP3Player",
			"MultifunctionOfficeMachine",
			"NetworkAdapter",
			"NetworkMediaPlayer",
			"NetworkStorage",
			"NetworkTransceiver",
			"NetworkingDevice",
			"NetworkingHub",
			"Phone",
			"PhoneAccessory",
			"PhotographicStudioItems",
			"PointingDevice",
			"PortableAudio",
			"PortableAvDevice",
			"PortableElectronics",
			"Printer",
			"PrinterConsumable",
			"ReceiverOrAmplifier",
			"RemoteControl",
			"SatelliteOrDSS",
			"Scanner",
			"SoundCard",
			"Speakers",
			"CETelescope",
			"SystemCabinet",
			"SystemPowerDevice",
			"Television",
			"TwoWayRadio",
			"VCR",
			"VideoCard",
			"VideoProjector",
			"VideoProjectorsAndAccessories",
			"Webcam",
			"CellularPhoneCase",
			"ScreenProtector"
		]
	},
	"Clothing":{
		"VaiationData":{
			"Parentage":"parent|child",
			"VariationTheme":"Size|Color|SizeColor|Color-Itempackagequantity|..."
		},
		"ClassificationData":{}
	},
	"ClothingAccessories":{
		"VariationData":{
			"Parentage":"parent|child",
			"VariationTheme":"Size|Color|SizeColor"
		},
		"ClassificationData":{}
	},
	"Coins":{
		"ProductType":[
			"Coin","CollectibleCoins","Bullion"
		]
	},
	"Collectibles":{
		"ProductType":["AdvertisementCollectibles","HistoricalCollectibles"]
	},
	"Computers":{
		"ProductType":[
			"CarryingCaseOrBag",
			"ComputerAddOn",
			"ComputerComponent",
			"ComputerCoolingDevice",
			"ComputerDriveOrStorage",
			"ComputerInputDevice",
			"ComputerProcessor",
			"ComputerSpeaker",
			"Computer",
			"FlashMemory",
			"InkOrToner",
			"Keyboards",
			"MemoryReader",
			"Monitor",
			"Motherboard",
			"NetworkingDevice",
			"NotebookComputer",
			"PersonalComputer",
			"Printer",
			"RamMemory",
			"Scanner",
			"SoundCard",
			"SystemCabinet",
			"SystemPowerDevice",
			"TabletComputer",
			"VideoCard",
			"VideoProjector",
			"Webcam"
		]
	},
	"EducationSupplies":{
		"ProductType":[
			"TeachingEquipment"
		]
	},
	"EntertainmentCollectibles":{
		"ProductType":["EntertainmentCollectibles"]
	},
	"FoodAndBeverages":{
		"ProductType":[
			"Food",
			"HouseholdSupplies",
			"Beverages",
			"HardLiquor",
			"AlcoholicBeverages",
			"Wine",
			"Beer",
			"Spirits",
			"BabyFood"
		]
	},
	"FoodServiceAndJanSan":{
		"ProductType":["FoodServiceAndJanSan"]
	},
	"Furniture":{
		"ProductType":["Furniture"]
	},
	"GiftCard":{
		"ProductType":[
			"GiftCard",
			"PhysicalGiftCard",
			"ElectronicGiftCard"
		]
	},
	"Gourmet":{
		"ProductType":["GourmetMisc"]
	},
	"Health":{
		"ProductType":[
			"HealthMisc",
			"PersonalCareAppliances",
			"PrescriptionDrug",
			"DietarySupplements",
			"OTCMedication",
			"PrescriptionEyewear",
			"SexualWellness",
			"MedicalSupplies"
		]
	},
	"Home":{
		"ProductType":[
			"BedAndBath",
			"FurnitureAndDecor",
			"Kitchen",
			"OutdoorLiving",
			"SeedsAndPlants",
			"Art",
			"Fabric",
			"VacuumCleaner",
			"Mattress",
			"Bed",
			"Headboard",
			"Dresser",
			"Cabinet",
			"Chair",
			"Table",
			"Bench",
			"Sofa",
			"Desk",
			"FloorCover",
			"Bakeware",
			"Cookware",
			"Cutlery",
			"Dinnerware",
			"Serveware",
			"KitchenTools",
			"SmallHomeAppliances",
			"Home"
		]
	},
	"HomeImprovement":{
		"ProductType":[
			"BuildingMaterials",
			"Hardware",
			"Electrical",
			"PlumbingFixtures",
			"Tools",
			"OrganizersAndStorage",
			"MajorHomeAppliances",
			"SecurityElectronics"
		]
	},
	"Industrial":{
		"ProductType":[
			"Abrasives",
			"AdhesivesAndSealants",
			"CuttingTools",
			"ElectronicComponents",
			"Gears",
			"Grommets",
			"IndustrialHose",
			"IndustrialWheels",
			"MechanicalComponents",
			"ORings",
			"PrecisionMeasuring",
			"AdhesiveTapes"
		]
	},
	"Jewelry":{
		"ProductType":[
			"Watch",
			"FashionNecklaceBraceletAnklet",
			"FashionRing",
			"FashionEarring",
			"FashionOther",
			"FineNecklaceBraceletAnklet",
			"FineRing",
			"FineEarring",
			"FineOther"
		]
	},
	"LabSupplies":{
		"ProductType":[
			"LabSupply",
			"SafetySupply"
		]
	},
	"Lighting":{
		"ProductType":[
			"LightsAndFixtures",
			"LightingAccessories",
			"LightBulbs"
		]
	},
	"LightMotor":{
		"ProductType":["LightMotorVehicle"]
	},
	"Luggage":{
		"ProductType":[
			"Luggage"
		]
	},
	"LuxuryBeauty":{
		"ProductType":["LuxuryBeauty"]
	},
	"MechanicalFasteners":{
		"ProductType":["MechanicalFasteners"]
	},
	"Miscellaneous":{
		"ProductType":[
			"Antiques",
			"Art",
			"Car_Parts_and_Accessories",
			"Coins",
			"Collectibles",
			"Crafts",
			"Event_Tickets",
			"Flowers",
			"Gifts_and_Occasions",
			"Gourmet_Food_and_Wine",
			"Hobbies",
			"Home_Furniture_and_Decor",
			"Home_Lighting_and_Lamps",
			"Home_Organizers_and_Storage",
			"Jewelry_and_Gems",
			"Luggage",
			"Major_Home_Appliances",
			"Medical_Supplies",
			"Motorcycles",
			"Musical_Instruments",
			"Pet_Supplies",
			"Pottery_and_Glass",
			"Prints_and_Posters",
			"Scientific_Supplies",
			"Sporting_and_Outdoor_Goods",
			"Sports_Memorabilia",
			"Stamps",
			"Teaching_and_School_Supplies",
			"Watches",
			"Wholesale_and_Industrial",
			"Misc_Other"
		]
	},
	"Motorcycles":{
		"ProductType":[
			"Vehicles",
			"ProtectiveClothing",
			"Helmets",
			"RidingBoots",
			"Gloves",
			"Accessories",
			"Parts"
		]
	},
	"Music":{
		"ProductType":["MusicPopular","MusicClassical"]
	},
	"MusicalInstruments":{
		"ProductType":[
			"BrassAndWoodwindInstruments",
			"Guitars",
			"InstrumentPartsAndAccessories",
			"KeyboardInstruments",
			"MiscWorldInstruments",
			"PercussionInstruments",
			"SoundAndRecordingEquipment",
			"StringedInstruments"
		]
	},
	"Office":{
		"ProductType":[
			"ArtSupplies",
			"EducationalSupplies",
			"OfficeProducts",
			"PaperProducts",
			"WritingInstruments",
			"BarCode",
			"Calculator",
			"InkToner",
			"MultifunctionDevice",
			"OfficeElectronics",
			"OfficePhone",
			"OfficePrinter",
			"OfficeScanner",
			"VoiceRecorder",
			"PrinterConsumable"
		]
	},
	"Outdoor":{
		"ProductType":[
			"OutdoorRecreationProduct",
			"CampingEquipment",
			"CyclingEquipment",
			"FishingEquipment"
		]
	},
	"PetSupplies":{
		"ProductType":["PetSuppliesMisc"]
	},
	"PowerTransmission":{
		"ProductType":[
			"BearingsAndBushings",
			"Belts",
			"CompressionSprings",
			"ExtensionSprings",
			"FlexibleCouplings",
			"Gears",
			"RigidCouplings",
			"ShaftCollar",
			"TorsionSprings",
			"LinearGuidesAndRails",
			"Pulleys",
			"RollerChain",
			"CouplingsCollarsAndUniversalJoints",
			"Springs",
			"Sprockets",
			"UniversalJoints"
		]
	},
	"ProfessionalHealthCare":{
		"ProductType":["ProfessionalHealthCare","MedicalDevice"]
	},
	"RawMaterials":{
		"ProductType":[
			"CeramicBalls",
			"CeramicTubing",
			"Ceramics",
			"MetalBalls",
			"MetalMesh",
			"MetalTubing",
			"Metals",
			"PlasticBalls",
			"PlasticMesh",
			"PlasticTubing",
			"Plastics",
			"RawMaterials",
			"Wire"
		]
	},
	"Shoes":{
		"ProductType":[
			"Accessory",
			"Bag",
			"Shoes",
			"ShoeAccessory",
			"Handbag",
			"Eyewear",
			"Boot",
			"TechnicalSportShoe",
			"Sandal"
		]
	},
	"Sports":{
		"ProductType":[
			"SportingGoods",
			"GlofClubHybrid",
			"GolfClubIron",
			"GolfClubPutter",
			"GolfClubWedge",
			"GolfClubWood",
			"GolfClubs",
			"SportGloves"
		]
	},
	"SportsMemorabilia":{
		"ProductType":[
			"SportsMemorabilia",
			"TradingCardsCardsSets",
			"TradingCardsGradedCardsInserts",
			"TradingCardsUngradedInserts",
			"TradingCardsFactorySealed",
			"TradingCardsMiscTradingCards"
		]
	},
	"SWVG":{
		"ProductType":[
			"Software",
			"HandheldSoftwareDownloads",
			"SoftwareGames",
			"VideoGames",
			"VideoGamesAccessories",
			"VideoGamesHardware"
		]
	},
	"ThreeDPrinting":{
		"ProductType":[
			"DigitalDesigns",
			"ThreeDPrintedProduct",
			"ThreeDPrintableDesigns"
		]
	},
	"TiresAndWheels":{
		"ProductType":[
			"Tires",
			"Wheels",
			"TireAndWheelAssemblies"
		]
	},
	"Tools":{},
	"Toys":{
		"ProductType":[
			"ToysAndGames",
			"Hobbies",
			"CollectibleCard",
			"Costume",
			"Puzzles",
			"Games",
			"Models",
			"ChildrensCostume",
			"PartySupplies"
		]
	},
	"ToysBaby":{
		"ProductType":["ToysAndGames","BabyProducts"]
	},
	"Video":{
		"ProductType":["VideoDVD","VideoVHS"]
	},
	"Wine":{
		"ProductType":["Wine","Spirits","Beer"]
	},
	"Wireless":{
		"ProductType":[
			"WirelessAccessories",
			"WirelessDownloads"
		]
	},
	"LargeAppliances":{
		"ProductType":[
			"AirConditioner",
			"ApplianceAccessory",
			"CookingOven",
			"Cooktop",
			"Dishwasher",
			"LaundryAppliance",
			"MicrowaveOven",
			"Range",
			"RefrigerationAppliance",
			"TrashCompactor",
			"VentHood"
		]
	}
}