{
	"AutoAccessory":{
		"ProductType":[
			"AutoAccessoryMisc",
			"AutoPart",
			"PowersportsPart",
			"PowersportsVehicle",
			"ProtectiveGear",
			"Helmet",
			"RidingApparel",
			"Tire",
			"Rims",
			"TireAndWheel",
			"Vehicle",
			"Motorcyclepart",
			"Motorcycleaccessory",
			"Ridinggloves",
			"Ridingboots",
			"Autooil",
			"Autobattery",
			"Autochemical",
			"CleaningOrRepairKit"
		]
	},
	"Arts":{
		"ProductType":[
			"FineArt",
			"FineArtEditioned"
		]
	},
	"Baby":{
		"ProductType":[
			"BabyProducts",
			"InfantToddlerCarSeat",
			"Stroller"
		]
	},
	"Beauty":{
		"ProductType":[
			"BeautyMisc",
			"SkinCareProduct",
			"HairCareProduct",
			"BodyCareProduct",
			"MakeUp",
			"Fragrance",
			"HairRemovalAndShavingProduct"
		]
	},
	"Books":{
		"ProductType":"BooksMisc"
	},
	"CameraPhoto":{
		"ProductType":{
			"FileCamera":{
				"CameraType":[
					"point-and-shoot"
					"slr"
					"instant"
					"single-use"
					"large-format"
					"medium-format"
					"rangefinder"
					"field"
					"monorail"
					"kids"
					"3-d"
					"micro"
					"panorama"
					"passport-and-id"
					"underwater"
					"other"
				],
				"Durability":"",
				"Features":"",
				"FileFormat":"",
				"FileManagementFeatures":[
					"auto_file_advance",
					"auto_rewind",
					"midroll_rewind",
					"auto_file_load",
					"midroll_change"
				],
				"FixedFocalLength":""
			},
			"Camcorder":{},
			"DigitalCamera":{},
			"DigitalFram":{},
			"Binocular":{},
			"SurveillanceSystem":{},
			"Telescope":{},
			"Microscope":{},
			"Darkroom":{},
			"Lens":{},
			"LensAccessory":{},
			"Filter":{},
			"Film":{},
			"BagCase":{},
			"BlankMedia":{},
			"PhotoPaper":{},
			"Cleaner":{},
			"Flash":{},
			"TripodStand":{},
			"Projection":{},
			"PhotoStudio":{},
			"LightMeter":{},
			"PowerSupply":{},
			"OtherAccessory":{},
			"Lighting":""
		}
	},
	"CE":{
		"ProductType":[
			"Antenna",
			"AudioVideoAccessory",
			"AVFurniture",
			"BarCodeReader",
			"CEBinocular",
			"CECamcorder",
			"CameraBagsAndCases",
			"CEBattery",
			"CEBlankMedia",
			"CableOrAdapter",
			"CECameraFlash",
			"CameraLenses",
			"CameraOtherAccessories",
			"CameraPowerSupply",
			"CarAlarm",
			"CarAudioOrTheater",
			"CarElectronics",
			"ConsumerElectronics",
			"CEDigitalCamera",
			"DigitalPictureFrame",
			"DigitalVideoRecorder",
			"DVDPlayerOrRecorder",
			"CEFilmCamera",
			"GPSOrNavigationAccessory",
			"GPSOrNavigationSystem",
			"HandheldOrPDA",
			"Headphones",
			"HomeTheaterSystemOrHTIB",
			"KindleAccessories",
			"KindleEReaderAccessories",
			"KindleFireAccessories",
			"MediaPlayer",
			"MediaPlayerOrEReaderAccessory",
			"MediaStorage",
			"MiscAudioComponents",
			"PC",
			"PDA",
			"Phone",
			"PhoneAccessory",
			"PhotographicStudioItems",
			"PortableAudio",
			"PortableAvDevice",
			"PowerSuppliesOrProtection",
			"RadarDetector",
			"RadioOrClockRadio",
			"ReceiverOrAmplifier",
			"RemoteControl",
			"Speakers",
			"StereoShelfSystem",
			"CETelescope",
			"Television",
			"Tuner",
			"TVCombos",
			"TwoWayRadio",
			"VCR",
			"CEVideoProjector",
			"VideoProjectorsAndAccessories",
			"NetworkAdapter",
			"CellularPhoneCase",
			"ScreenProtector"
		],
		"ProductSubtype":[
			"Antenna",
			"AVFurniture",
			"BarCodeReader",
			"CEBinocular",
			"CECamcorder",
			"CameraBagsAndCases",
			"Battery",
			"BlankMedia",
			"CableOrAdapter",
			"CECameraFlash",
			"CameraLenses",
			"CameraOtherAccessories",
			"CameraPowerSupply",
			"CarAudioOrTheater",
			"CarElectronics",
			"CEDigitalCamera",
			"DigitalPictureFrame",
			"CECarryingCaseOrBag",
			"CombinedAvDevice",
			"Computer",
			"ComputerDriveOrStorage",
			"ComputerProcessor",
			"ComputerVideoGameController",
			"DigitalVideoRecorder",
			"DVDPlayerOrRecorder",
			"CEFilmCamera",
			"FlashMemory",
			"GPSOrNavigationAccessory",
			"GPSOrNavigationSystem",
			"HandheldOrPDA",
			"HomeTheaterSystemOrHTIB",
			"Keyboards",
			"MemoryReader",
			"Microphone",
			"Monitor",
			"MP3Player",
			"MultifunctionOfficeMachine",
			"NetworkAdapter",
			"NetworkMediaPlayer",
			"NetworkStorage",
			"NetworkTransceiver",
			"NetworkingDevice",
			"NetworkingHub",
			"Phone",
			"PhoneAccessory",
			"PhotographicStudioItems",
			"PointingDevice",
			"PortableAudio",
			"PortableAvDevice",
			"PortableElectronics",
			"Printer",
			"PrinterConsumable",
			"ReceiverOrAmplifier",
			"RemoteControl",
			"SatelliteOrDSS",
			"Scanner",
			"SoundCard",
			"Speakers",
			"CETelescope",
			"SystemCabinet",
			"SystemPowerDevice",
			"Television",
			"TwoWayRadio",
			"VCR",
			"VideoCard",
			"VideoProjector",
			"VideoProjectorsAndAccessories",
			"Webcam",
			"CellularPhoneCase",
			"ScreenProtector"
		]
	},
	"Clothing":{
		"VaiationData":{
			"Parentage":"parent|child",
			"VariationTheme":"Size|Color|SizeColor|Color-Itempackagequantity|..."
		},
		"ClassificationData":{}
	},
	"ClothingAccessories":{
		"VariationData":{
			"Parentage":"parent|child",
			"VariationTheme":"Size|Color|SizeColor"
		},
		"ClassificationData":{}
	},
	"Coins":{
		"ProductType":[
			"Coin","CollectibleCoins","Bullion"
		]
	},
	"Collectibles":{
		"ProductType":["AdvertisementCollectibles","HistoricalCollectibles"]
	},
	"Computers":{
		"ProductType":[
			"CarryingCaseOrBag",
			"ComputerAddOn",
			"ComputerComponent",
			"ComputerCoolingDevice",
			"ComputerDriveOrStorage",
			"ComputerInputDevice",
			"ComputerProcessor",
			"ComputerSpeaker",
			"Computer",
			"FlashMemory",
			"InkOrToner",
			"Keyboards",
			"MemoryReader",
			"Monitor",
			"Motherboard",
			"NetworkingDevice",
			"NotebookComputer",
			"PersonalComputer",
			"Printer",
			"RamMemory",
			"Scanner",
			"SoundCard",
			"SystemCabinet",
			"SystemPowerDevice",
			"TabletComputer",
			"VideoCard",
			"VideoProjector",
			"Webcam"
		]
	}
}