<?xml version="1.0" encoding="UTF-8"?>
<ListMarketplaceParticipationsByNextTokenResponse xmlns="https://mws.amazonservices.com/Sellers/2011-07-01">
   <ListMarketplaceParticipationsByNextTokenResult>
        <NextToken>String</NextToken>
        <ListParticipations>
            <Participation>
                <MarketplaceId>String</MarketplaceId>
                <SellerId>String</SellerId>
                <HasSellerSuspendedListings>String</HasSellerSuspendedListings>
            </Participation>
        </ListParticipations>
        <ListMarketplaces>
            <Marketplace>
                <MarketplaceId>String</MarketplaceId>
                <Name>String</Name>
                <DefaultCountryCode>String</DefaultCountryCode>
                <DefaultCurrencyCode>String</DefaultCurrencyCode>
                <DefaultLanguageCode>String</DefaultLanguageCode>
                <DomainName>String</DomainName>
            </Marketplace>
        </ListMarketplaces>
    </ListMarketplaceParticipationsByNextTokenResult>
   <ResponseMetadata>
        <RequestId>String</RequestId>
    </ResponseMetadata>
</ListMarketplaceParticipationsByNextTokenResponse>
