{
	"ProductType":{
		"FineArt":{
			"ArtworkType":"__StringNotNull|minOccurs_1",
			"Artist":"__StringNotNull|minOccurs_1",
			"ArtistBiography":"__StringNotNull",
			"ArtworkMedium":"__StringNotNull|minOccurs_1",
			"Date":"__dateTime|minOccurs_1",
			"ArtworkSubMedium":"__StringNotNull",
			"ArchivalGrading":"__StringNotNull",
			"SignedBy":"__StringNotNull",
			"SignatureLocation":"__StringNotNull",
			"CertificateOfAuthenticity":"__StringNotNull",
			"CertificateOfAuthenticityNumber":"__StringNotNull",
			"FrameMaterial":"__StringNotNull",
			"HangingHardwareIncluded":"__StringNotNull",
			"GlassType":"__StringNotNull",
			"MattingDescription":"__StringNotNull",
			"Framed":"__boolean|minOccurs_1",
			"Subject":"__StringNotNull|minOccurs_1|maxOccurs_3",
			"SubjectLocation":"__StringNotNull",
			"Color":"__StringNotNull|minOccurs_0|maxOccurs_2",
			"ColorFamily":"__StringNotNull",
			"Adult":"__boolean",
			"Style":"__StringNotNull|minOccurs_0|maxOccurs_2",
			"Period":"__StringNotNull",
			"ExhibitionHistory":"__StringNotNull",
			"Literature":"__StringNotNull",
			"Provenance":"__StringNotNull",
			"CountryOfOrigin":"__string",
			"RegionOfOrigin":"__StringNotNull",
			"SizeName":"__StringNotNull",
			"FramedHeight":{
				"__value":"__decimal_12_2",
				"__attribute":{
					"unitOfMeasure":["MM","CM","M","IN","FT","inches","feet","meters","decimeters","centimeters","millimeters","micrometers","nanometers","picometers"]
				}
			},
			"FramedWidth":{
				"__value":"__decimal_12_2",
				"__attribute":{
					"unitOfMeasure":["MM","CM","M","IN","FT","inches","feet","meters","decimeters","centimeters","millimeters","micrometers","nanometers","picometers"]
				}	
			},
			"FramedDepth":{
				"__value":"__decimal_12_2",
				"__attribute":{
					"unitOfMeasure":["MM","CM","M","IN","FT","inches","feet","meters","decimeters","centimeters","millimeters","micrometers","nanometers","picometers"]
				}
			},
			"Shape":"__StringNotNull",
			"Orientation":"__StringNotNull",
			"SaleType":"__StringNotNull|minOccurs_1",
			"IsCrated":"__StringNotNull",
			"IsVeryHighValue":"__boolean"
		},
		"FineArtEditioned":{
			"ArtworkType":"__StringNotNull|minOccurs_1",
			"Artist":"__StringNotNull|minOccurs_1",
			"ArtistBiography":"__StringNotNull",
			"ArtworkMedium":"__StringNotNull|minOccurs_1",
			"Date":"__dateTime|minOccurs_1",
			"ArtworkSubMedium":"__StringNotNull",
			"ArchivalGrading":"__StringNotNull",
			"SignedBy":"__StringNotNull",
			"SignatureLocation":"__StringNotNull",
			"CertificateOfAuthenticity":"__StringNotNull",
			"CertificateOfAuthenticityNumber":"__StringNotNull",
			"FrameMaterial":"__StringNotNull",
			"HangingHardwareIncluded":"__StringNotNull",
			"GlassType":"__StringNotNull",
			"MattingDescription":"__StringNotNull",
			"Framed":"__boolean|minOccurs_1",
			"Subject":"__StringNotNull|minOccurs_0|maxOccurs_3",
			"SubjectLocation":"__StringNotNull",
			"Color":"__StringNotNull|minOccurs_0|maxOccurs_2",
			"ColorFamily":"__StringNotNull",
			"Adult":"__boolean",
			"Style":"__StringNotNull|minOccurs_0|maxOccurs_3",
			"Period":"__StringNotNull",
			"ExhibitionHistory":"__StringNotNull",
			"Literature":"__StringNotNull",
			"Provenance":"__StringNotNull",
			"CountryofOrigin":"__string",
			"RegionOfOrigin":"__StringNotNull",
			"LimitedEditionSize":"__positiveInteger|minOccurs_1",
			"LimitedEditionRangeStart":"__StringNotNull",
			"LimitedEditionRangeEnd":"__positiveInteger",
			"PrintDate":"__dateTime",
			"SizeName":"__StringNotNull",
			"FramedHeight":{
				"__value":"__decimal_12_2",
				"__attribute":{
					"unitOfMeasure":["MM","CM","M","IN","FT","inches","feet","meters","decimeters","centimeters","millimeters","micrometers","nanometers","picometers"]
				}
			},
			"FramedWidth":{
				"__value":"__decimal_12_2",
				"__attribute":{
					"unitOfMeasure":["MM","CM","M","IN","FT","inches","feet","meters","decimeters","centimeters","millimeters","micrometers","nanometers","picometers"]
				}
			},
			"FramedDepth":{
				"__value":"__decimal_12_2",
				"__attribute":{
					"unitOfMeasure":["MM","CM","M","IN","FT","inches","feet","meters","decimeters","centimeters","millimeters","micrometers","nanometers","picometers"]
				}
			},
			"Shape":"__StringNotNull",
			"Orientation":"__StringNotNull",
			"SaleType":"__StringNotNull|minOccurs_1",
			"IsCrated":"__StringNotNull",
			"IsVeryHighValue":"__boolean"
		}
	},
	"VariationData":{
		"Parentage":["parent","child"],
		"VariationTheme":["SizeName","FrameMaterial","Size-Material"]
	}
}