{
	"ProductType":{},
	"Battery":{
		"AreBatteriesIncluded":"__boolean",
		"AreBatteriesRequired":"__boolean",
		"BatterySubgroup":{
			"BatteryType":[
				"battery_type_2/3A",
				"battery_type_4/3A",
				"battery_type_4/5A",
				"battery_type_9v",
				"battery_type_12v",
				"battery_type_a",
				"battery_type_a76",
				"battery_type_aa",
				"battery_type_aaa",
				"battery_type_aaaa",
				"battery_type_c",
				"battery_type_cr123a",
				"battery_type_cr2",
				"battery_type_cr5",
				"battery_type_d",
				"battery_type_lithium_ion",
				"battery_type_lithium_metal",
				"battery_type_L-SC",
				"battery_type_p76",
				"battery_type_product_specific",
				"battery_type_SC"
			],
			"NumberOfBatteries":"__positiveInteger"
		}
	},
	"BatteryAverageLife":"__positiveDimension",
	"BatteryAverageLifeStandby":"__positiveDimension",
	"BatteryChargeTime":"__positiveDimension",
	"BatteryTypeLithiumIon":"__positiveInteger",
	"BatteryTypeLithiumMetal":"__positiveInteger",
	"BodyPartExteriorFinish":"__StringNotNull",
	"CAPACertified":"__StringNotNull",
	"ConstructionType":"__StringNotNull",
	"EuAcousticNoiseSymbol":[1,2,3],
	"EuFuelEfficiencyClass":["a","b","c","d","e","f","g"],
	"EuTireClass":["C1","C2","C3"],
	"EuWetGripClass":["a","b","c","d","e","f","g"],
	"ExternalRollingNoise":"__positiveInteger",
	"HollanderNumber":"__string",
	"LightBulbType":"__StringNotNull",
	"LithiumBatteryEnergyContent":"__decimal",
	"LithiumBatteryPackaging":[
		"batteries_contained_in_equipment",
		"batteries_only",
		"batteries_packed_with_equipment"
	],
	"LithiumBatteryVoltage":"__decimal",
	"LithiumBatteryWeight":"__decimal",
	"LoadIndex":"__positiveInteger",
	"MfgWarrantyDescriptionLabor":"__string",
	"MfgWarrantyDescriptionParts":"__string",
	"MfgWarrantyDescriptionType":"__StringNotNull",
	"MirrorAdjustment":"__StringNotNull",
	"MirrorDimmingFeature":"__StringNotNull",
	"MirrorFolding":"__boolean",
	"MirrorHeated":"__boolean",
	"MirrorHousingIncluded":"__StringNotNull",
	"MirrorLensCurvature":"__StringNotNull",
	"MirrorSpecialFeature":"__StringNotNull",
	"MirrorTurnSignalIndicator":"__StringNotNull",
	"NumberOfLithiumIonCells":"__positiveInteger",
	"NumberOfLithiumMetalCells":"__positiveInteger",
	"OEMPartNumber":"__string",
	"Offset":{
		"__value":"__decimal_12_2",
		"__attribute":{
			"unitOfMeasure":["MM","CM","M","IN","FT","inches","feet","meters","decimeters","centimeters","millimeters","micrometers","nanometers","picometers"]
		}
	},
	"part_type_id":"__nonNegativeInteger",
	"PARTSLINKNumber":"__string",
	"PitchCircleDiameter":{
		"__value":"__decimal_12_2",
		"__attribute":{
			"unitOfMeasure":["MM","CM","M","IN","FT","inches","feet","meters","decimeters","centimeters","millimeters","micrometers","nanometers","picometers"]
		}
	},
	"PowerSource":"__StringNotNull",
	"RimDiameter":{
		"__value":"__decimal_12_2",
		"__attribute":{
			"unitOfMeasure":["MM","CM","M","IN","FT","inches","feet","meters","decimeters","centimeters","millimeters","micrometers","nanometers","picometers"]
		}
	}
}
