{
	"VariationData":{
		"Parentage":["parent","child"],
		"Size":"__StringNotNull",
		"Color":"__StringNotNull",
		"VariationTheme":["Size","Color","SizeColor"]
	},
	"ClassificationData":{
		"Department":"__StringNotNull|minOccurs_1",
		"ColorMap":"__string",
		"SpecialSizeType":"__string",
		"SpecialFeature":"__string|minOccurs_0|maxOccurs_2",
		"MaterialAndFabric":"__string|minOccurs_0|maxOccurs_4",
		"ImportDesignation":"__string",
		"CountryAsLabeled":"__string",
		"FurDescription":"__string",
		"MaterialOpacity":"__string",
		"FabricWash":"__string",
		"PatternStyle":"__string",
		"FitType":"__string",
		"WaterResistanceLevel":["not_water_resistant","water_resistant","waterproof"],
		"ApparelClosureType":"__string",
		"ButtonQuantity":"__nonNegativeInteger",
		"ControlType":"__string",
		"OccasionAndLifestyle":"__string",
		"StyleName":"__StringNotNull",
		"StyleNumber":"__StringNotNull",
		"CollarType":"__string",
		"SleeveType":"__string",
		"CuffType":"__string",
		"PocketDescription":"__string",
		"FrontPleatType":"__string",
		"TopStyle":"__string",
		"SizeMap":"__StringNotNull",
		"WaistSize":{
			"__value":"__decimal_12_2",
			"__attribute":{
				"unitOfMeasure":["CM","IN"]
			}
		},
		"InseamLength":{
			"__value":"__decimal_12_2",
			"__attribute":{
				"unitOfMeasure":["CM","IN"]
			}
		},
		"SleeveLength":{
			"__value":"__decimal_12_2",
			"__attribute":{
				"unitOfMeasure":["CM","IN"]
			}
		},
		"NeckSize":{
			"__value":"__decimal_12_2",
			"__attribute":{
				"unitOfMeasure":["CM","IN"]
			}
		},
		"NeckStyle":"__string",
		"ChestSize":{
			"__value":"__decimal_12_2",
			"__attribute":{
				"unitOfMeasure":["CM","IN"]
			}
		},
		"CupSize":["A","AA","B","C","D","DD","DDD","E","EE","F","FF","G","GG","H","I","J","Free"],
		"UnderwireType":"__string",
		"ShoeWidth":"__string",
		"ItemRise":{
			"__value":"__decimal_12_2",
			"__attribute":{
				"unitOfMeasure":["MM","CM","M","IN","FT","inches","feet","meters","decimeters","centimeters","millimeters","micrometers","nanometers","picometers"]
			}
		},
		"RiseStyle":"__string",
		"LegDiameter":{
			"__value":"__decimal_12_2",
			"__attribute":{
				"unitOfMeasure":["MM","CM","M","IN","FT","inches","feet","meters","decimeters","centimeters","millimeters","micrometers","nanometers","picometers"]
			}
		},
		"LegStyle":"__string",
		"BeltStyle":"__string",
		"StrapType":"__StringNotNull",
		"ToeStyle":"__string",
		"Character":"__string",
		"LaptopCapacity":"__string",
		"IsStainResistant":"__boolean",
		"NumberOfPieces":"__positiveInteger",
		"WheelType":"__string"
	}
}