{
	"GritRating":"__positiveInteger",
	"Horsepower":"__decimal_12_2",
	"StyleName":"__StringNotNull",
	"FinishTypes":"__StringNotNull",
	"Diameter":{
		"__value":"__decimal_12_2",
		"__attribute":{
			"unitOfMeasure":["MM","CM","M","IN","FT","inches","feet","meters","decimeters","centimeters","millimeters","micrometers","nanometers","picometers"]
		}
	},
	"Length":{
		"__value":"__decimal_12_2",
		"__attribute":{
			"unitOfMeasure":["MM","CM","M","IN","FT","inches","feet","meters","decimeters","centimeters","millimeters","micrometers","nanometers","picometers"]
		}
	},
	"Width":{
		"__value":"__decimal_12_2",
		"__attribute":{
			"unitOfMeasure":["MM","CM","M","IN","FT","inches","feet","meters","decimeters","centimeters","millimeters","micrometers","nanometers","picometers"]
		}
	},
	"Height":{
		"__value":"__decimal_12_2",
		"__attribute":{
			"unitOfMeasure":["MM","CM","M","IN","FT","inches","feet","meters","decimeters","centimeters","millimeters","micrometers","nanometers","picometers"]
		}
	},
	"Weight":{
		"__value":"__decimal_12_2",
		"__attribute":{
			"unitOfMeasure":["GR","KG","OZ","LB","MG"]
		}
	},
	"PowerSource":["battery-powered","gas-powered","hydraulic-powered","air-powered","corded-electric"],
	"Wattage":"__positiveInteger",
	"Voltage":"__positiveInteger",
	"NumberOfItemsInPackage":"__positiveInteger",
	"BatteryTypeLithiumIon":"__positiveInteger",
	"BatteryTypeLithiumMetal":"__positiveInteger",
	"LithiumBatteryEnergyContent":"__decimal",
	"LithiumBatteryPackaging":["batteries_contained_in_equipment","batteries_only","batteries_packed_with_equipment"],
	"LithiumBatteryVoltage":"__decimal",
	"LithiumBatteryWeight":"__decimal",
	"NumberOfLithiumIonCells":"__positiveInteger",
	"NumberOfLithiumMetalCells":"__positiveInteger",
	"CustomerRestrictionType":"__StringNotNull",
	"PowerPlugType":[
		"type_a_2pin_jp",
		"type_e_2pin_fr",
		"type_j_3pin_ch",
		"type_a_2pin_na",
		"type_ef_2pin_eu",
		"type_k_3pin_dk",
		"type_b_3pin_jp",
		"type_f_2pin_de",
		"type_l_3pin_it",
		"type_b_3pin_na",
		"type_g_3pin_uk",
		"type_m_3pin_za",
		"type_c_2pin_eu",
		"type_h_3pin_il",
		"type_n_3pin_br",
		"type_d_3pin_in",
		"type_i_3pin_au"
	]
}